:020000040800F2
:1000000000060020290400082B0400082B04000827
:100010002B0400082B0400082B0400082B04000804
:100020002B0400082B0400082B04000845A6000838
:100030002B0400082B0400082B0400082B040008E4
:100040002B0400082B0400082B0400082B040008D4
:100050002B0400082B04000851B500087DB50008EA
:10006000A9B50008D5B5000801B600085576000806
:100070007D760008A9760008D5760008017700088B
:1000800029770008557700082B0400082B04000886
:100090002B0400082B0400082B0400082DB60008D0
:1000A0002B0400082B0400082B0400082B04000874
:1000B0002B0400082B0400082B0400082B04000864
:1000C0002B0400082B0400082B0400082B04000854
:1000D0002B0400082B0400082B0400082B04000844
:1000E00091B600082B0400082B0400082B0400081C
:1000F0002B0400082B0400082B040008817700085B
:100100002B04000805B700082DB700082B040008D1
:100110002B0400082B0400082B0400082B04000803
:10012000AD770008D5770008017800082D78000821
:10013000597800082B0400082B0400082B04000841
:100140002B0400082B0400082B0400082B040008D3
:1001500081780008AD780008D97800082B040008E1
:100160002B0400082B0400082B0400082B040008B3
:100170002B04000831B200082B0400082B040008EF
:100180002B0400082B04000819B700082B040008F2
:100190002B0400082B0400082B0400082B04000883
:1001A0002B0400082B0400082B0400082B04000873
:1001B0002B0400082B0400082B0400082B04000863
:1001C0002B0400082B0400082B0400082B04000853
:1001D0002B0400081DB200082B0400082B040008A3
:1001E0002B0400082B0400082B0400082B04000833
:1001F0002B0400082B0400082B0400082B04000823
:100200002B0400082B0400082B0400082B04000812
:100210002B0400082B0400082B0400082B04000802
:100220002B0400082B0400082B0400082B040008F2
:100230002B0400082B0400082B0400082B040008E2
:100240002B0400082B0400082B0400082B040008D2
:100250002B0400082B0400082B0400082B040008C2
:100260002B0400082B0400082B0400082B040008B2
:100270002B0400082B0400082B0400082B040008A2
:100280002B0400082B0400082B0400082B04000892
:100290002B0400082B0400082B0400082B04000882
:1002A0002B0400082B0400082B0400082B04000872
:1002B0002B0400082B0400082B0400082B04000862
:1002C0002B0400082B0400082B0400082B04000852
:1002D0002B0400082B0400082B0400082B04000842
:1002E0004ECF4EA5A6B6F7295896DBA5B8CECFFCC3
:1002F0008C0772719EFAB24D4227090759712B641F
:10030000034AA19F695D84F25FC8DD56AC4821496C
:1003100082B8C4A2F08853678D159175B481B45C1E
:10032000CF332D752821A822B27347917F7A17D039
:100330003EFC84A9A4766B7358E33E8DE330D37EF4
:100340008363D3A0A8564A0033ABF7525D6DE0A596
:100350004FE1C6A41BA9357A00F35B6F8F13B80178
:10036000E26026E387DD2A4900000000000000006B
:10037000000000000000000000000000000000007D
:10038000000000000000000000000000000000006D
:10039000000000000000000000000000000000005D
:1003A000000000000000000000000000000000004D
:1003B000000000000000000000000000000000003D
:1003C000000000000000000000000000000000002D
:1003D000000000000000000000000000000000001D
:1003E000000000000000000000000000000000000D
:1003F00000000000000000000000000000000000FD
:1004000000000000000000000000000000000000EC
:1004100000000000000000000000000000000000DC
:10042000000000000000000002E000F000F8FEE71D
:1004300072B6374880F30888364880F30988364812
:100440003649086040F20000CCF200004EF63471EC
:10045000CEF200010860BFF34F8FBFF36F8F40F201
:100460000000C0F2F0004EF68851CEF200010860A4
:10047000BFF34F8FBFF36F8F4FF00000E1EE100A14
:100480004EF63C71CEF200010860062080F314881D
:10049000BFF36F8F0AF038F909F0BCFA4FF055300E
:1004A0001F491B4A91423CBF41F8040BFAE71D4922
:1004B000184A91423CBF41F8040BFAE71A491B4A1B
:1004C0001B4B9A423EBF51F8040B42F8040BF8E76D
:1004D00000201849184A91423CBF41F8040BFAE742
:1004E0000AF050F909F01AFB144C154DAC4203DA2E
:1004F00054F8041B8847F9E700F08AFD114C124DAF
:10050000AC4203DA54F8041B8847F9E70AF038B91B
:1005100000060020002200200000000808ED00E096
:100520000000002000060020C0D0000800220020AB
:100530006C22002070220020545E0020E00200089F
:10054000E0020008E0020008E00200082DE9F04F98
:100550002DED108AC1F80CD0D0F80CD0BDEC108A6B
:10056000BDE8F08F002383F311882846A0470020C0
:1005700009F032F8FEE708F08BFF00DFFEE700002D
:1005800053B94AB9002908BF00281CBF4FF0FF31FA
:100590004FF0FF3000F074B9ADF1080C6DE904CEF6
:1005A00000F006F8DDF804E0DDE9022304B070474E
:1005B0002DE9F047089D04468E46002B4DD18A4216
:1005C000944669D9B2FA82F252B101FA02F3C2F149
:1005D000200120FA01F10CFA02FC41EA030E9440DA
:1005E0004FEA1C48210CBEFBF8F61FFA8CF708FBFB
:1005F00016E341EA034306FB07F199420AD91CEBD3
:10060000030306F1FF3080F01F81994240F21C8104
:10061000023E63445B1AA4B2B3FBF8F008FB10334C
:1006200044EA034400FB07F7A7420AD91CEB040481
:1006300000F1FF3380F00A81A74240F20781644451
:10064000023840EA0640E41B00261DB1D4400023D6
:10065000C5E900433146BDE8F0878B4209D9002D3A
:1006600000F0EF800026C5E9000130463146BDE8C4
:10067000F087B3FA83F6002E4AD18B4202D382422E
:1006800000F2F980841A61EB030301209E46002DDD
:10069000E0D0C5E9004EDDE702B9FFDEB2FA82F232
:1006A000002A40F09280A1EB0C014FEA1C471FFA90
:1006B0008CFE0126200CB1FBF7F307FB131140EA77
:1006C00001410EFB03F0884208D91CEB010103F144
:1006D000FF3802D2884200F2CB804346091AA4B206
:1006E000B1FBF7F007FB101144EA01440EFB00FEDA
:1006F000A64508D91CEB040400F1FF3102D2A6453F
:1007000000F2BB800846A4EB0E0440EA03409CE7DD
:10071000C6F12007B34022FA07FC4CEA030C20FA8A
:1007200007F401FA06F31C43F9404FEA1C4900FAAA
:1007300006F3B1FBF9F8200C1FFA8CFE09FB181127
:1007400040EA014108FB0EF0884202FA06F20BD99A
:100750001CEB010108F1FF3A80F08880884240F2EA
:100760008580A8F102086144091AA4B2B1FBF9F02E
:1007700009FB101144EA014100FB0EFE8E4508D929
:100780001CEB010100F1FF346CD28E456AD90238AE
:10079000614440EA0840A0FB0294A1EB0E01A14293
:1007A000C846A64656D353D05DB1B3EB080261EB01
:1007B0000E0101FA07F722FA06F3F1401F43C5E9DB
:1007C000007100263146BDE8F087C2F12003D84011
:1007D0000CFA02FC21FA03F3914001434FEA1C4753
:1007E0001FFA8CFEB3FBF7F007FB10360B0C43EA45
:1007F000064300FB0EF69E4204FA02F408D91CEBF5
:10080000030300F1FF382FD29E422DD902386344F2
:100810009B1B89B2B3FBF7F607FB163341EA034192
:1008200006FB0EF38B4208D91CEB010106F1FF38E1
:1008300016D28B4214D9023E6144C91A46EA0046D8
:1008400038E72E46284605E70646E3E61846F8E66A
:100850004B45A9D2B9EB020864EB0C0E0138A3E7B3
:100860004646EAE7204694E74046D1E7D0467BE794
:10087000023B614432E7304609E76444023842E70C
:10088000704700BF032A70B515D940EA010C1CF06F
:10089000030F04460B4621D1194620460E68056811
:1008A000B54204F1040403F1040317D1043A032A06
:1008B00020461946F0D8541EA2B100F1FF3C013980
:1008C00001E0C3180CD01CF801EF11F8012F964578
:1008D000A4EB0C03F5D0AEEB020070BD541EECE7A8
:1008E000184670BD104670BD2DE9F04F012BADF2DA
:1008F0001C4D07468A46154640F21F814FF00109FC
:10090000002448464FF0FF364A4606E0A2EB0609AF
:1009100014460120221893420FD9A91915F802C0D4
:10092000095C8C45F2D300F08C804FF0010926461B
:1009300048464C4422189342EFD84FF0010E002451
:1009400070464FF0FF3C724606E0A2EB0C0E1446D8
:100950000120221893420FD905EB0C0115F80280F3
:10096000095C8845F1D872D04FF0010EA44670465C
:10097000744422189342EFD80CF1010C01366645FD
:1009800001D8F146664605AA0DF2144142F8043F2B
:100990008A42FBD1002B00F0CB805C1E691E05EB68
:1009A000040C0DF1180811F8010FCA431A442A4427
:1009B000614548F82020F6D1324605EB090128466A
:1009C0000193FFF75FFF019B002868D1AAEB0301A9
:1009D000A3EB0903024602930346701E0590C6F17D
:1009E0000100CDE903908A4601950AE022B1039AFD
:1009F0009142029A38BF11460B4453454FF0000212
:100A000048D807EB030B1BF8041058F821100029F5
:100A1000ECD1B242114638BF3146A1421DD20198F5
:100A20004D1E05445818384402E00131A14214D249
:100A300010F801CB15F801EFE645F6D0049A1344FF
:100A4000DAE7814512BF01304C44012062E770456E
:100A50000ABF2418013001207BE7B242059972D207
:100A6000019D98193844354402E08A425ED06146BF
:100A700010F801CD15F801EDE64501F1010901F18C
:100A8000FF3CF2D001324A455BD8039A13445345E8
:100A9000029AB6D900200DF21C4DBDE8F08FAAEBEA
:100AA000030A9B1BB34238BF33464FF000090133A2
:100AB00007EB09000293C6F101030193035D58F8A7
:100AC000233006F1FF3B4BB19944D145E2D807EB07
:100AD0000900035D58F82330002BF5D1A64213D24C
:100AE00006EB09023A4405EB0B01334602E0013301
:100AF000A34209D212F801CB11F801EFE645F6D076
:100B0000019A91449944E0E7002EC4D006EB090114
:100B10003944AA1901E0AB42BDD012F801ED11F839
:100B200001CDE6451346F6D0029BCDE79146A9E7F5
:100B30004FF0FF340DF118083EE74FF00109002691
:100B400021E75846A7E7B1469CE700BF2DE9F047EB
:100B50000446C0B0002B69D0012B0D4690461F46BD
:100B600000F087808B425DD8CD1A022B00EB050682
:100B700060D0B3F5807F00F2838000214FF4807253
:100B800068465D1E01F0EEFD4046012102464378B5
:100B90001278A3EBC203DBB201300DF80310013170
:100BA0008D42F3D808EB07034FF0000A13F8022C2C
:100BB00018F80530A3EBC203DBB21DF803900DF863
:100BC0000350A5EB0909B44201D92BE063B92C44C9
:100BD000A64214F8013C94F800C0ACEBC30C5FFAD9
:100BE0008CFC1DF80C30F1D29D42A4EB0304EAD832
:100BF0000F2D07D9042208EB0A0104EB0A00FFF7C6
:100C000041FE60B92A4641462046FFF73BFE68B1E7
:100C1000BAF1030F8CBFAAF1040AA7F1050A4C44EC
:100C2000B442D4D9002040B0BDE8F087204640B09F
:100C3000BDE8F08713785578017845EA0345034607
:100C400013F8012F9E4242EA01421DD39542EDD096
:100C5000013601E09542E6D0184613F8011FB34271
:100C600041EA0242F6D1954208BF06F1FF30D9D1E0
:100C7000D9E711782A4640B0BDE8F04700F078B9CE
:100C800040B0BDE8F0472FE61E46ECE788420DD99C
:100C90008B1883420AD900EB020CBAB1624613F8F2
:100CA00001CD02F801CD9942F9D170470F2A0ED833
:100CB000034602F1FF3C4AB10CF1010C013B8C44AC
:100CC00011F8012B03F8012F6145F9D1704740EA73
:100CD00001039B0750D1A2F1100370B501F1200C64
:100CE00023F00F0501F1100E00F11004AC441B09B4
:100CF0005EF8105C44F8105C5EF80C5C44F80C5C28
:100D00005EF8085C44F8085C5EF8045C44F8045C37
:100D10000EF1100EE64504F11004E9D1013312F092
:100D20000C0F01EB031102F00F0400EB031327D0AB
:100D3000043C24F003064FEA940C1E441C1F8E460C
:100D40005EF8045B44F8045FB442F9D10CF101048D
:100D500002F0030203EB840301EB840102F1FF3C88
:100D60004AB10CF1010C013B8C4411F8012B03F842
:100D7000012F6145F9D170BD02F1FF3C03469BE7AD
:100D80002246EBE711F0FF01034644D0820732D13F
:100D900010B5046841EA012E4EEA0E4E8EEA0402B6
:100DA000A2F1013323EA0203A4F1013222EA040290
:100DB000134313F0803F0FD150F8044F84EA0E0C18
:100DC000A4F10133ACF1013223EA040322EA0C025C
:100DD000134313F0803FEFD0037823B936E010F8C7
:100DE000013F002B32D09942F9D110BD8A4211D077
:100DF0009A071846CCD0184613F8012B002AF5D1D3
:100E0000104670479907184607D0184601330278F4
:100E1000002AF7D170478207F7D10268A2F10133A7
:100E200023EA020313F0803F08D150F8042FA2F107
:100E3000013323EA020313F0803FF6D00378002B3E
:100E4000E8D010F8013F002BFBD17047184610BDC9
:100E500080EA0102844612F0030F4FD111F0030F14
:100E600032D14DF8044D11F0040F51F8043B0BD072
:100E7000A3F101329A4312F0803F04BF4CF8043BC7
:100E800051F8043B16D100BF51F8044BA3F10132D5
:100E90009A4312F0803FA4F101320BD14CF8043B8D
:100EA000A24312F0803F04BF51F8043B4CF8044BBE
:100EB000EAD023460CF8013B13F0FF0F4FEA33232F
:100EC000F8D15DF8044B704711F0010F06D011F80E
:100ED000012B0CF8012B002A08BF704711F0020FFC
:100EE000BFD031F8022B12F0FF0F16BF2CF8022BE7
:100EF0008CF8002012F47F4FB3D1704711F8012B0A
:100F00000CF8012B002AF9D1704700BF30B540EA38
:100F10000104A30701D1032A0FD8844601F1FF3E43
:100F200007E01EF8011F03F8011B541EC1B19C46C7
:100F300022466346002AF4D130BD0B46844619464A
:100F400053F8045BA5F1013424EA050414F0803F52
:100F5000E4D1043A032A4CF8045B1946EFD8DDE7E4
:100F60006244002CE8D003F8011B9342FBD130BD52
:100F700001F0FF01102A2BDB10F0070F08D010F84A
:100F8000013B013A8B422DD010F0070F42B3F6D14E
:100F9000F0B441EA012141EA014122F007047FF067
:100FA00000070023F0E80256083C85EA010586EABE
:100FB000010685FA47F5A3FA87F586FA47F6A5FAFA
:100FC00087F68EB9EED1F0BC01F0FF0102F0070206
:100FD00032B110F8013B013A83EA010313B1F8D1B1
:100FE0000020704701387047002D06BF3546033892
:100FF000073815F0010F07D1013015F4807F02BFCB
:10100000013015F4C03F0130F0BC0138704700BF1B
:1010100038B501F0A1FA01F05DFC09F01DFA0546B2
:1010200009F006FB044610BB134B9D4221D001334F
:101030009D4241F2883504BF0124002501F0D6FC11
:1010400020B10025032000F069F82C46002009F0AB
:101050000DFA0CB100F078F801F0DAFB00F032FD87
:1010600008B100F071F8284600F028F9F9E70025EA
:10107000E4E70546E2E700BF010007B008B501F06C
:1010800037FAA0F120035842584108BD07B541F294
:101090001203022101A8ADF8043001F047FA03B0B1
:1010A0005DF804FB38B5302383F3118817480368D3
:1010B0000BB108F075FB0023154A4FF47A71134801
:1010C00008F064FB002383F31188124C236813B1EA
:1010D0002368013B2360636813B16368013B63606D
:1010E0000D4D2B7833B963687BB9022001F0FAFA11
:1010F000322363602B78032B07D163682BB902205E
:1011000001F0F0FA4FF47A73636038BD702200206A
:10111000A51000089023002088220020084B18709A
:1011200003280CD8DFE800F008050208022001F0CF
:10113000D1BA022001F0C4BA024B00225A607047B3
:101140008822002090230020F8B501F04FFC30B138
:10115000524B03221A700022514B5A60F8BD514B7A
:10116000514A1C4619680131F8D004339342F9D131
:1011700062684E4B9A42F1D94D4B9B6803F1006374
:1011800003F500339A42E9D2002001F00BFA022065
:10119000FFF7C4FF474B0021D3F8E820C3F8E8105D
:1011A000D3F81021C3F81011D3F81021D3F8EC2094
:1011B000C3F8EC10D3F81421C3F81411D3F8142198
:1011C000D3F8F020C3F8F010D3F81821C3F81811A1
:1011D000D3F81821D3F8802042F00062C3F88020B1
:1011E000D3F8802022F00062C3F88020D3F880205A
:1011F000D3F8802042F00072C3F88020D3F880201A
:1012000022F00072C3F88020D3F8803072B64FF01D
:10121000E023C3F8084DD4E90004BFF34F8FBFF3B8
:101220006F8F254AC2F88410BFF34F8F536923F4A0
:1012300080335361BFF34F8FD2F8803043F6E076AE
:10124000C3F3C905C3F34E335B0103EA060C294619
:101250004CEA81770139C2F87472F9D2203B13F15C
:10126000200FF2D1BFF34F8FBFF36F8FBFF34F8FBC
:10127000BFF36F8F536923F4003353610023C2F827
:101280005032BFF34F8FBFF36F8F302383F311883A
:10129000854680F30888204760E700BF8822002049
:1012A000902300200000020820000208FFFF010830
:1012B000002200200044025800ED00E02DE9F04F2C
:1012C00093B0B44B2022FF2100900AA89D6801F042
:1012D00049FAB14A1378A3B90121B04811700360EB
:1012E000302383F3118803680BB108F059FA002307
:1012F000AB4A4FF47A71A94808F048FA002383F307
:101300001188009B13B1A74B009A1A60A64A137864
:10131000032B03D000231370A24A53604FF0000A3E
:10132000009CD3465646D146012001F0D3F924B1A2
:101330009C4B1B68002B00F02682002001F0D8F89F
:101340000390039B002BF2DB012001F0B9F9039B12
:10135000213B1F2BE8D801A252F823F0DD1300082F
:10136000051400089914000829130008291300081F
:10137000291300082B150008FB1600081516000895
:10138000771600089F160008C516000829130008E4
:10139000D716000829130008491700087D14000813
:1013A000291300088D170008E91300087D140008B0
:1013B00029130008771600082913000829130008CC
:1013C000291300082913000829130008291300080D
:1013D0002913000829130008991400080220FFF7B8
:1013E0004DFE002840F0F981009B022105A8BAF1CA
:1013F000000F08BF1C4641F21233ADF8143001F063
:1014000095F891E74FF47A7001F072F8071EEBDB64
:101410000220FFF733FE0028E6D0013F052F00F23F
:10142000DE81DFE807F0030A0D10133605230421DF
:1014300005A8059301F07AF817E004215548F9E76B
:1014400004215A48F6E704215948F3E74FF01C08F5
:10145000404608F1040801F0A7F80421059005A80A
:1014600001F064F8B8F12C0FF2D101204FF000091F
:1014700000FA07F747EA0B0B5FFA8BFB01F0BEF9A6
:1014800026B10BF00B030B2B08BF0024FFF7FEFD6A
:101490004AE704214748CDE7002EA5D00BF00B0307
:1014A0000B2BA1D10220FFF7E9FD074600289BD0B6
:1014B0000120002601F076F80220FFF72FFE1FFA28
:1014C00086F8404601F07EF80446B0B103994046E4
:1014D0000136A1F140025142514101F083F8002848
:1014E000EDD1BA46044641F21213022105A83E4648
:1014F000ADF8143001F01AF816E725460120FFF781
:101500000DFE244B9B68AB4207D9284601F04CF8EE
:10151000013040F067810435F3E70025224BBA46DD
:101520003E461D701F4B5D60A8E7002E3FF45CAF88
:101530000BF00B030B2B7FF457AF0220FFF7EEFDF0
:10154000322000F0D5FFB0F10008FFF64DAF18F0E3
:1015500003077FF449AF0F4A08EB050392689342F3
:101560003FF642AFB8F5807F3FF73EAF124BB8452C
:10157000019323DD4FF47A7000F0BAFF0390039AD1
:10158000002AFFF631AF039A0137019B03F8012BC4
:10159000EDE700BF002200208C23002070220020F5
:1015A000A51000089023002088220020042200209B
:1015B000082200200C2200208C220020C820FFF7E7
:1015C0005DFD074600283FF40FAF1F2D11D8C5F170
:1015D00020020AAB25F0030084494245184428BF85
:1015E0004246019201F098F8019AFF217F4801F0EC
:1015F000B9F84FEAA803C8F387027C49284601934B
:1016000001F0B8F8064600283FF46DAF019B05EBEA
:10161000830533E70220FFF731FD00283FF4E4AEF5
:1016200000F0FEFF00283FF4DFAE0027B846704B05
:101630009B68BB4218D91F2F11D80A9B01330ED0CB
:1016400027F0030348336B4453F8203C059340468E
:10165000042205A9043701F04FF98046E7E7384630
:1016600000F0A2FF0590F2E7CDF81480042105A850
:1016700000F05CFF02E70023642104A8049300F05B
:101680004BFF00287FF4B0AE0220FFF7F7FC0028E4
:101690003FF4AAAE049800F0B9FF0590E6E70023F6
:1016A000642104A8049300F037FF00287FF49CAE67
:1016B0000220FFF7E3FC00283FF496AE049800F008
:1016C000A7FFEAE70220FFF7D9FC00283FF48CAE21
:1016D00000F0B6FFE1E70220FFF7D0FC00283FF45E
:1016E00083AE05A9142000F0B1FF07460421049041
:1016F00004A800F01BFF3946B9E7322000F0F8FEDD
:10170000071EFFF671AEBB077FF46EAE384A07EBDB
:101710000903926893423FF667AE0220FFF7AEFCE2
:1017200000283FF461AE27F003074F44B9453FF46A
:10173000A5AE484609F1040900F036FF04210590E2
:1017400005A800F0F3FEF1E74FF47A70FFF796FC7E
:1017500000283FF449AE00F063FF002844D00A9B04
:1017600001330BD008220AA9002001F003F8002859
:101770003AD02022FF210AA800F0F4FFFFF786FCF0
:101780001C4807F02FFF13B0BDE8F08F002E3FF488
:101790002BAE0BF00B030B2B7FF426AE0023642142
:1017A00005A8059300F0B8FE074600287FF41CAE9C
:1017B0000220FFF763FC804600283FF415AEFFF7D8
:1017C00065FC41F2883007F00DFF059801F060F8E4
:1017D00046463C4601F012F8A6E506464EE64FF0B6
:1017E000000901E6BA467EE637467CE68C220020F8
:1017F00000220020A0860100704700007047000012
:10180000704700002DE9F04100F580370446164688
:101810003B7C5BB9C0681030204400F07DFFE56878
:101820003544B5F5004FE56002D816B1BDE8F0814A
:10183000DEB905F07F0605F110000021C6F1800633
:101840002044F6B232462E4400F08CFFA06804F12A
:101850001008324600F10060414600F5003008F003
:101860009BFB30B901233B74E0E74FF4004635465B
:10187000ECE7A26805F11001404632442144A26021
:10188000E268521BE26000F047FF0220BDE8F04131
:1018900000F028BF183000F0E9BC000010B5044685
:1018A00003F09EFB204610BD10B5044603F098FBE4
:1018B000204610BDC0B2A0F14103052B02D8373835
:1018C000C0B27047A0F16103052B94BF5738303880
:1018D000F6E7000070B504461546084603220C4999
:1018E00000F024FF014688B908346E1C15F9110078
:1018F000FFF7E0FF024616F911000131FFF7DAFFAA
:10190000102940EA021004F8010BEFD170BD00BFAE
:10191000C8C000082DE9F04FADF53F7D074641688E
:1019200001222AA805F042FA002840F087800646E6
:10193000824681461125DFF80C81DFF80CB101AB3E
:101940004FF4805241462AA805F090FB002875D13B
:10195000019AB2F5805F71D8002A65D00446019AD9
:101960009442ECD2282D0FD008DC132D2DD01E2D43
:1019700039D0112D13D00134A4B2F0E7322D2DD07F
:10198000372D2FD02D2DF6D13B68121B08EB04010B
:1019900038461B692D259847BDF80440EBE7121B1C
:1019A000022A09D9594608EB040000F0BFFE18B915
:1019B00002342825A4B2DEE718F804303A2B3DD0D3
:1019C0000A2B1CBFA1461325D5E718F804300A2BB3
:1019D00034D03A2B04BFA2463225CCE718F80430A5
:1019E000202BC8D0264618F804300A2B1AD1AAEBAF
:1019F000090208EB090102A811254F2A28BF4F222E
:101A0000FFF784FAA21B08EB060116A84F2A28BF8D
:101A10004F22FFF77BFA3B6816AA02A9DB6838461B
:101A20009847A8E71E25A6E73B68384604491B6986
:101A3000984701200DF53F7DBDE8F08F0020F9E7C4
:101A4000ADC1000898230020CCC0000800F11801A7
:101A500010B5044686B00846019100F0F1FB20461F
:101A6000FFF758FF60B1019902A800F049FC10226D
:101A700004F1080102A8FEF705FFB0FA80F0400962
:101A800006B010BD70B504460025EEB2304600F039
:101A900099FD58B100213046013500F0A3FD08B989
:101AA000002070BD022000F01DFEEEE72046FFF78B
:101AB00031FF0028F4D004F58034207C80F0010050
:101AC000EFE70000F0B5C9B008F0DEFC03F0A4FABF
:101AD00018B90025284649B0F0BD69462A4805F0E6
:101AE00087FB00284BD1294C204605F0B1FB284844
:101AF00005F0AEFB274805F0ABFB2146224805F078
:101B000023FC0028E5D1702003F064FA064610B1EA
:101B1000214B44600360336830469B689847054614
:101B200000282ED01A4F1948394605F00DFC0546FD
:101B30000028CED1194803F04DFA044638B1184BAD
:101B40004760036000F58033C0E902551D742368C7
:101B500020469B689847054628B10E490C4805F079
:101B6000F3FB0028B5D1336830465B6898471CB159
:101B7000236820465B68984703F036FAAAE70025F9
:101B8000FAE70446EFE700BFD0C00008E0C0000855
:101B9000F7C000080DC1000830C1000814000100A2
:101BA0004CC100082DE9F04FD44A8DB00B68D0F835
:101BB00004A001931A440368D14E1A44D1F81C9032
:101BC000DFF8B4C3DFF8B4B3D0E90234634003EA0A
:101BD0000A03634013444A6802920AEB7363029C4F
:101BE000C84A2244C468224484688AEA04051D4025
:101BF000654015448A68039203EB3555039CC24A3D
:101C00002244846822448AEA03042C4084EA0A04B9
:101C10001444CA6805EBF4340492164483EA0502BE
:101C2000224056445A4032440E69059604EBB222D3
:101C3000059FB64E3E441E4485EA040313406B40A4
:101C400033444E69069602EB7363069FB04E3E44E2
:101C50002E4484EA02051D40654035448E6907968E
:101C600003EB3555079FAB4E3E44264482EA0304FE
:101C70002C4054403444A84E4E4405EBF4341644F2
:101C800083EA050222405A4032440E6A089604EB69
:101C9000B222089FA14E3E441E4485EA040313402D
:101CA0006B4033444E6A099602EB7363099F9C4E66
:101CB000D1F830E03E44D1F83880F3442E4484EA31
:101CC00002051D40654035448E6AA6F5244703EBA6
:101CD00035550A964F3F274482EA03042C4054406E
:101CE0003C44CF6A0B9705EBF4340B9E8D4F374481
:101CF000029E174483EA050222405A403A448A4F22
:101D0000774404EBB2221F4485EA040313406B407E
:101D10003B444F6BBC4402EB7363654484EA020CA2
:101D20000CEA030C8CEA040C6544DFF854C2C4448A
:101D300003EB3555A44482EA03042C405440644428
:101D4000D1F83CC0794905EBF4346144114483EA8D
:101D5000050222405A400A44754904EBB22231443C
:101D6000079E194484EA02032B4063400B447149E7
:101D700002EBF36331440B9E0D4482EA03012140E0
:101D8000514029446C4D03EBF1513544019E2544EB
:101D900083EA010414405C402C44684D01EBB444D8
:101DA0003544069E154481EA04021A404A402A44FA
:101DB000634D04EB323235440A9E1D4484EA02032B
:101DC0000B4063402B445F4D02EBF3633544059EAB
:101DD0000D4482EA03012140514029445A4D03EB4E
:101DE000F1516544254483EA010414405C402C44CD
:101DF000564D01EBB4443544099E154481EA040272
:101E00001A404A402A44524D04EB32323544049E73
:101E10001D4484EA02030B4063402B444D4D02EB0A
:101E2000F36345440D4482EA0301214051402944B3
:101E3000494D03EBF1513544089E2C4483EA0105DA
:101E400015405D402C44454D01EBB4443544039EA0
:101E50002A4481EA04051D404D402A44404D04EBCC
:101E600032323D442B4484EA020593440D406540E0
:101E70002B443C4D02EBF3633544069E294482EA31
:101E80000305254055402944374D03EBF1514D449E
:101E90002C4483EA010515405D40254401EBB5451E
:101EA00081EA050404EA03024A405A44A6F5B82B25
:101EB000089E05EB3232ABF2BE6B54405B442344C8
:101EC0002A4C344402EB33730B9E0C4485EA020126
:101ED00059402144264C344403EB7151029E254461
:101EE00082EA03044C402544224C444401EB35452E
:101EF000144483EA01026A40224443E078A46AD78A
:101F0000EECEBDC156B7C7E8DB702024AF0F7CF51D
:101F10002AC68747134630A8019546FDD8988069A0
:101F2000AFF7448BBED75C892211906B2108B4496E
:101F300062251EF640B340C0515A5E26AAC7B6E9D4
:101F40005D102FD65314440281E6A1D8C8FBD3E715
:101F5000E6CDE121D60737C3870DD5F4ED145A45F8
:101F600005E9E3A9F8A3EFFCD9026F6781F6718751
:101F700022619D6D0C38E5FD937198FD8A4C2A8D88
:101F80008E4379A6934C344405EB7222059E1C4483
:101F900081EA0503534023448F4C344402EB3373EE
:101FA0000A9E0C4485EA0201594021448B4C4C4462
:101FB00003EB7151254482EA03044C402C44884DC4
:101FC000354401EB3444019E154483EA010262402A
:101FD0002A44844D3D4404EB72221D4481EA0403EB
:101FE00053402B44804D354402EB3373049E294407
:101FF00084EA02055D4029447C4D354403EB715170
:10200000079E254482EA03044C402C44784D354415
:1020100001EB3444099E2A4483EA010565401544D6
:10202000744A324404EB7525039E134481EA04028A
:102030006A401A44704B734405EB32720B4484EAD5
:102040000501514019446D4B634402EB71511C442E
:1020500085EA02034B401C44694B334401EB344492
:10206000019E1D4482EA010363402B44654D04EB4D
:1020700073233544069E154463EA010262402A44F4
:10208000614D03EBB2624D4462EA040929445F4D9D
:1020900089EA0309454449442C445D4D02EBB151A2
:1020A0003544049E61EA03081D4488EA020844445A
:1020B00001EB744464EA02034B402B44554D04EB9E
:1020C000F323754463EA010E15448EEA040E0EEB09
:1020D0000502514D03EBB262354462EA040E294415
:1020E0000A9D8EEA030EA5F580164C4D7144A6F6A6
:1020F000833602EBB151264461EA03045440344470
:10210000029E01EB7444354464EA02061D444E40CD
:102110007319089E424D04EBF323354463EA01062C
:102120001544664072193F4D03EBB262654462EAA2
:10213000040629443C4D5E403144079E02EBB151F8
:10214000354461EA03062C44384D56403D4434443E
:10215000059E1D4401EB744464EA02034B402B448A
:10216000334D04EBF32335440B9E154463EA01021F
:1021700062402A442F4D03EBB2623544039E0D4466
:1021800062EA0401594029442B4D02EBB151354418
:102190002A4E254461EA030454402C44099D01EB76
:1021A00074442E4464EA02051E4485EA01039D1925
:1021B00003681A440AEB040303EBF523026043604F
:1021C00083681C44C36819448460C1600DB0BDE8D5
:1021D000F08F00BF44EABEA4A9CFDE4B604BBBF634
:1021E00070BCBFBEC67E9B28FA27A1EA8530EFD41B
:1021F000051D880439D0D4D9E599DBE6F87CA21F07
:102200006556ACC4442229F497FF2A43A72394AB14
:1022100039A093FCC3595B6592CC0C8FD15D84854A
:102220004F7EA86FE0E62CFE144301A3A111084ED7
:10223000827E53F735F23ABDBBD2D72A91D386EBD3
:10224000094B036003F18833436003F12943A3F58D
:102250009613A3F68B638360A3F18833C3600023D6
:10226000C0E90433704700BF012345672DE9F843F7
:102270001446026905460E46E300C2F3C50800F1A4
:1022800018079B18036122BF43690133436112F4AD
:10229000FC7F436903EB5473436114D0C8F14009D8
:1022A00007EB08004C4504D22246BDE8F843FEF790
:1022B000EDBC403C4A464E44FEF7E8FC44443946F7
:1022C0002846FFF76FFCA04606EB0409B8F13F0F64
:1022D000A9EB08010AD940223846FEF7D7FC394657
:1022E0002846A8F14008FFF75DFCEFE7A1096FF071
:1022F0003F02384602FB014206EB8111D5E70000A0
:1023000070B50B6901F1180506460C46C3F3C50309
:10231000EA18501C8022EA54C3F13F02072A1FD852
:10232000002100F01FFA29462046FFF73BFC382227
:102330000021284600F016FA236929462046236525
:1023400063696365FFF72EFC214610223046FEF7D5
:102350009DFC204658220021BDE8704000F002BAE2
:10236000C3F137020021E5E72DE9F84F4FF47A7306
:1023700006460D46002402FB03F7DFF85080DFF825
:10238000509098F900305FFA84FA5A1C01D0A342A9
:1023900012D159F824002A4631460368D3F820B0F8
:1023A0003B46D847854207D1074B012083F800A060
:1023B000BDE8F88F0124E4E7002CFBD04FF4FA705D
:1023C00007F010F90020F3E7DC3300201022002092
:1023D0001422002000232DE9F0471A4605468846BE
:1023E0000120194605F020FB0446802007F0F2FE8C
:1023F0000746002861D0002C5FD03B4E28464FF0A6
:10240000800A736943F0C0637361D6F8143143F0F6
:10241000C063C6F8143107F05FFD05EB080200FB4E
:1024200005F34FF4D06C50434FF03D0E834233D24E
:102430003269520143D4D6F8102151013FD42168AA
:1024400003F100628A602268D7602268C2F804A0A3
:102450002268C2F800C0D4F80090D9F8002042F0F9
:102460000102C9F80020D4F80090D9F8002022F029
:102470001E02C9F80020D4F80090D9F80020D20735
:10248000FBD494F80C90803361680EFA09F20A606C
:10249000CCE7002007F0FEFD204605F005FB38469E
:1024A00007F0D4FE104B5A6942F0C0625A61D3F86B
:1024B000142142F0C062C3F81421BDE8F0870B4B31
:1024C0009A6A42F400729A629A6A42F400429A62EC
:1024D00061B60026012007F0DDFDB045D9D9A81965
:1024E000013607F011FDF8E70020005200ED00E092
:1024F000002307B5024601210DF107008DF80730D2
:10250000FFF732FF20B19DF8070003B05DF804FB30
:102510004FF0FF30F9E700000A46042108B5FFF745
:1025200023FF80F00100C0B2404208BD074B0A46BD
:1025300030B41978064B53F82140014623682046F1
:10254000DD69044BAC4630BC604700BFDC33002083
:1025500014220020A086010070B5104C0025104EFA
:1025600007F0BEFC20803068238883420CD8002509
:102570002088013807F0B0FC23880544013BB5F5FD
:10258000802F2380F4D370BD07F0A6FC3368054488
:102590000133B5F5003F3360E5D3E8E7DE330020D3
:1025A0009833002007F076BD00F1006000F50030A0
:1025B0000068704700F10060920000F5003007F0FD
:1025C000EBBC0000054B1A68054B1B889B1A834225
:1025D00002D9104407F080BC0020704798330020D7
:1025E000DE33002038B50446074D29B12868204461
:1025F000BDE8384007F088BC2868204407F072FC2A
:102600000028F3D038BD00BF983300200020704769
:1026100000F1FF5000F58F10D0F80008704700005F
:10262000064991F8243033B100230822086A81F862
:102630002430FFF7BFBF0120704700BF9C3300204C
:10264000014B1868704700BF0010005C194B01383F
:102650000322084470B51D68174BC5F30B042D0CFD
:102660001E88A6420BD15C680A46013C8242134692
:102670000FD214F9016F4EB102F8016BF6E7013A7F
:1026800003F10803ECD181420B4602D22C2203F85D
:10269000012B0424094A1688AE4204D1984284BF13
:1026A000967803F8016B013C02F10402F3D1581A49
:1026B00070BD00BF0010005C1C2200208CC100080F
:1026C000022803D1024B4FF400229A61704700BFE9
:1026D00000100258022802D1014B08229A6170476B
:1026E00000100258022804D1024A536983F00803FB
:1026F000536170470010025870B504464FF47A7663
:102700004CB1412C254628BF412506FB05F0641B32
:1027100006F068FFF4E770BD002310B5934203D0C4
:10272000CC5CC4540133F9E710BD0000013810B58A
:1027300010F9013F3BB191F900409C4203D11AB11D
:102740000131013AF4E71AB191F90020981A10BD4D
:102750001046FCE703460246D01A12F9011B002975
:10276000FAD1704702440346934202D003F8011B9A
:10277000FAE770472DE9F8431F4D1446074688468F
:1027800095F8242052BBDFF870909CB395F8243064
:102790002BB92022FF2148462F62FFF7E3FF95F86F
:1027A00024004146C0F1080205EB8000A24228BF88
:1027B0002246D6B29200FFF7AFFF95F82430A41B53
:1027C00017441E449044E4B2F6B2082E85F8246003
:1027D000DBD1FFF725FF0028D7D108E02B6A03EBF8
:1027E00082038342CFD0FFF71BFF0028CBD100200C
:1027F000BDE8F8830120FBE79C330020024B1A78E8
:10280000024B1A70704700BFDC33002010220020FA
:1028100038B51A4C1A4D204606F0ECF929462046E8
:1028200006F014FA2D684FF47A70D5F89020D2F89B
:10283000043843F00203C2F80438FFF75DFF114982
:10284000284606F011FBD5F890200F4DD2F8043839
:10285000286823F002030D49A042C2F804384FF45F
:10286000E1330B6001D006F023F96868A04204D080
:102870000649BDE8384006F01BB938BD3840002095
:1028800040CF000848CF000814220020C4330020A5
:102890000C4B70B50C4D04461E780C4B55F8262099
:1028A0009A420DD00A4B002118221846FFF75AFF12
:1028B0000460014655F82600BDE8704006F0F8B8FF
:1028C00070BD00BFDC3300201422002038400020FF
:1028D000C433002008B571B6054B1988054B18881C
:1028E000FFF778FD02210E20FFF774FD61B608BDE9
:1028F000DE3300209833002030B50A44084D914261
:102900000DD011F8013B5840082340F30004013B6F
:102910002C4013F0FF0384EA5000F6D1EFE730BDFE
:102920002083B8ED30B5002489B00B4D1C22214620
:1029300001A80094FFF716FF202269462819FDF729
:10294000A1FF30B92034B4F5A07FF5D1012009B042
:1029500030BD0020FBE700BFE80200082DE9F0478A
:10296000D8B004460D4616461F46FFF7DBFF90BB66
:10297000A369482B31D1082204F11C011848FDF746
:1029800081FF50BB8246DFF85C80DFF85C904FF43B
:10299000B07200216846FFF7E5FE08EB0A0204F179
:1029A0002401684602F0DAF92A464946684602F0F0
:1029B000DBF968463A46314602F0D6F9684602F03D
:1029C000D5F928B10AF1200ABAF5A07FDFD112208B
:1029D00058B0BDE8F0870020FAE71120F8E700BF03
:1029E000B0C10008E802000800000208404A2DE9D2
:1029F000F34110686B4651686A4603C308233D499A
:102A00003D48FEF7A3F80446002836D10A24FFF714
:102A100089FF002867D0394A6B46106851686A46BA
:102A200003C3082336493448FEF790F805460028CA
:102A300059D00369B3F5F01F55D8418B40F2E972C4
:102A4000914250D12F4A024402F110018B424AD3E5
:102A5000103B294900209E1AFFF74EFF05F118018F
:102A6000074632460020FFF747FFAB689F423AD146
:102A7000EB68984208BF002435E00369B3F5F01F06
:102A800001D90B24C3E7B0F8661040F2E972914215
:102A900001D00C24BBE71B4E064406F15C029342B6
:102AA00001D21024B3E75C3B00F1640732461249BF
:102AB0009D1B0020FFF720FF394680462A46002054
:102AC000FFF71AFFA368984501D00D249FE7E3683C
:102AD0009842FAD120462B463A463146FFF73EFF50
:102AE0000446002893D1204602B0BDE8F08100BF23
:102AF0009CC1000890FF1D0000000208A5C100084D
:102B0000DCFF1D000800FEF7837842781B04007884
:102B100043EA0223184370470068704708B502462D
:102B2000FFF7FAFF0346101DFFF7F6FF01461846B0
:102B300008BD00000B0A017043700B0C090E837076
:102B4000C170704708B501EB8202031F08460431CB
:102B5000FFF7E2FF43F8040F9142F7D108BD0000F0
:102B600010B500EB82020C1F54F8041FFFF7E2FFC0
:102B700004309042F8D110BD2DE9F0418846054659
:102B8000FFF7CCFF06460C464046FFF7C7FF46401E
:102B900005F108004C40FFF7C1FF07460D4608F15C
:102BA0000800FFF7BBFF7840694030432143BDE890
:102BB000F0810000F8B506460F46FFF7DDFF054639
:102BC0000C4606F1100007F11001FFF7D5FF28436E
:102BD0002143F8BD2DE9F04F0368B7B0384CC1F17F
:102BE000000A1A93436837491B938368364D1C9338
:102BF000C368364F1D930369DFF8F8B01E9343692D
:102C00008AEA0B0B324E1F938369DFF8ECE02093C6
:102C1000C369DFF8E8C02193036A2293436A2393D0
:102C2000D0E9102362402B4C05922B4A5340069367
:102C3000836A2493C36A2593D0E9122362400D92DC
:102C4000264A5340264A0E93036B00922693436B09
:102C5000279381EAEA7320991793836B189128933D
:102C6000C36B289A299300F150031192299A219954
:102C70001292269A19910792279A1E990892249ADD
:102C8000159103921F99259A16910492DDE922422B
:102C90001C990F911D9910911A9909911B990A91EC
:102CA0001049CDE9015101F14F7101F5D34158317E
:102CB00013910D4914910D49CDE90B710C4F1FE093
:102CC000D182E6ADABD9831F79217E132BF894FE18
:102CD00085AE67BB1F6C3E2B7F520E518C68059BE7
:102CE00050C6000819CDE05B3AF54FA572F36E3C73
:102CF0003BA7CA846BBD41FB08C9BCF367E6096A00
:102D00000099097803EBC10553F831106D6861181B
:102D100042EB0508099D49190A9D45EB0808059DE8
:102D200081EA0509069D88EA050A1AEB0E0E4CEBAE
:102D3000090C8EEA04048CEA0202250E45EA0225FB
:102D4000120E42EA0422009C6478099203EBC4024A
:102D500053F834405268091948EB02084A190592A1
:102D6000099A48EB02020692059A82EA0A0A069A32
:102D70004FEA1A4182EA090941EA094209994FEAF0
:102D80001949349249EA0A423592349A1EEB0202FA
:102D90002A92359A4CEB02022B922A9A55402B9A92
:102DA00051400A46490041EAD5716D00339145EA28
:102DB000D2723292009A927803EBC20153F8322019
:102DC0004968039C0D9DA218049C44EB010E0F99C9
:102DD00012EB010A1099009A41EB0E0E0E9985EA4A
:102DE0000A058EEA0108039918EB070746EB05066A
:102DF00087EA010C74404FEA1C6141EA0421240E69
:102E000044EA0C2492F803C003EBCC0953F83CC00D
:102E1000D9F804901AEB0C024EEB090E52180D92E1
:102E20004EEB04020E920D9A82EA08080E9A554063
:102E30004FEA184242EA05422D0C309245EA084218
:102E40003192309ABA182C92319A46EB02022D92A6
:102E50002C9A51402D9A5440620042EAD1724900A6
:102E6000099241EAD4720492009A127903EBC201EA
:102E700053F832204D6807998A18089941EB0505E7
:102E800015995218169941EB0505179982EA0B041A
:102E9000039285EA010A0B99009A1AEB01060C9934
:102EA00092F805E041EB040B079953F83E8086EA5F
:102EB000010C0899039A8BEA01074FEA1C6112EB97
:102EC000080241EA07214FEA176747EA0C2703EB9C
:102ED000CE0CDCF8049045EB09055218159245EB31
:102EE00007021692159A82EA0A0A169A4FEA1A49B6
:102EF000544049EA0442240C2E9244EA0A42119CAE
:102F00002F922E9AB6182F9A4BEB020B71408BEA38
:102F100007077A0042EAD1724900089241EAD77263
:102F20000792009A917903EBC10253F8311052686D
:102F30006118129C44EB0208189A8918199A42EBFE
:102F40000808019A029C4A40129F88EA040E139CCA
:102F50001EEB0405149C44EB0209119C6C4089EAA9
:102F6000070C270E47EA0C274FEA1C6C4CEA042C8E
:102F7000009CE47903EBC40A53F83440DAF804A067
:102F80000919059C48EB0A08C919179148EB0C016F
:102F90001891179981EA0E0E18994FEA1E4A4A4075
:102FA0004AEA024A120C15EB0A0542EA0E4E87EA7B
:102FB000050749EB0E0989EA0C0C4FEA4C0848EA70
:102FC000D7727F00129247EADC721192009A117A4E
:102FD00003EBC10253F8311052686118069C44EBB0
:102FE0000208049A8918099A48EB020881EA0A0A39
:102FF000049A88EA0E0E1EEB06064BEB0A0B86EAD5
:103000000204099A270E8BEA020247EA02274FEAD6
:10301000126C009A527A4CEA042C03EBC20453F867
:1030200032206468891848EB0408CA19099248EBF1
:103030000C020A92099A8EEA020E0A9A8AEA020A97
:103040004FEA1E4242EA0A424FEA1A4A01924AEA0B
:103050000E420292019A92190B92029A42EB0B02D3
:103060000C920B9A57400C9A8CEA020C4FEA4C04D3
:1030700044EAD772359C7F00049247EADC720392DF
:10308000009A927A03EBC20153F832204E680D99F0
:103090008A180E9941EB0606079912EB0108089968
:1030A000009A46EB0106349986EA040A88EA01018F
:1030B000079C1AEB050549EB010985EA040C089CFD
:1030C00089EA04074FEA1C6444EA07243F0E47EAF2
:1030D0000C2792F80BC003EBCC0E53F83CC0DEF883
:1030E00004E018EB0C0246EB0E0612190F9246EBA9
:1030F000070210920F9A8AEA020A109A51404FEA88
:103100001A4242EA0142090C059241EA0A42069239
:10311000059A52191392069A42EB09021492139AD5
:103120005440149A57407A0042EAD47264000892DC
:1031300044EAD7720792009A127B03EBC20153F85C
:1031400032204D6815998A18169941EB0505119999
:1031500012EB010A1299009A45EB010530998AEAAF
:103160000106319985EA01072A9911EB070E2B997F
:1031700041EB060C11998EEA010412998CEA0108C0
:10318000210E41EA08214FEA186848EA042492F81F
:103190000D8003EBC80953F83880D9F804901AEB76
:1031A000080245EB09055218159245EB04021692E8
:1031B000159A5740169A56403A0C42EA0642360C87
:1031C0000D9246EA07420E920D9A12EB0E0E0E9ADF
:1031D00042EB0C0C81EA0E0184EA0C044FEA440A2B
:1031E0004AEAD1724900129241EAD472179C1192B4
:1031F000009A917B03EBC10253F8311052686118B9
:10320000189C44EB0208329A009C8918339AE47B9C
:1032100048EB02082E9A81EA02092F9A88EA020AEC
:103220002C9A12EB0A072D9A42EB0906329A87EA8A
:10323000020B339A4FEA1B65724045EA0225120ED3
:1032400042EA0B2203EBC40B53F83440DBF804B022
:10325000091948EB0B084919189148EB020119911B
:1032600018998AEA010A199989EA01094FEA1A416B
:1032700041EA094B4FEA19491BEB070749EA0A41A2
:1032800085EA070541EB0606179182EA06014A0026
:1032900042EAD5726D0045EAD1740099103100916F
:1032A000009D3949A9427FF42BAD099B0C9D83EA0F
:1032B0000E010A9B83EA0C081A9B59401B9B88EA63
:1032C0000303C0E900130F9B13997B401F46109B1B
:1032D00073401E461C9B5F401D9B5E40159BC0E9D2
:1032E00002760B9E5E40169B5D401E9B5E401F9BC0
:1032F0005D40189BC0E904655940199D149B83EA01
:103300000508209B5940219B88EA0303C0E9061366
:10331000059B83EA0409069B83EA020A229B89EA49
:103320000304239B8AEA0302C0E90842039B0D9A27
:10333000049C83EA020C0E9B259A5C40249B129904
:103340008CEA03035440179AC0E90A34079B83EAC6
:103350000B04089B83EA020A269B5C40279B8AEAAF
:103360000302119BC0E90C42019A5A40029B83EA76
:10337000010A289B5A40299B8AEA0303C0E90E23CD
:1033800037B0BDE8F08F00BF10C7000870B5054624
:103390000E46144622B9802221465030FFF7E2F94A
:1033A00024F00700E40004F038042844A4F12003CA
:1033B000C4F1200206FA04F406FA03F326FA02F234
:1033C0001343D0E9146234431343C0E9144370BD7E
:1033D00028220021FFF7C6B901232422002140F84A
:1033E000043BFFF7BFB90000002351F8232040F849
:1033F000232001330A2BF8D170470000002351F835
:103400002320524240F8232001330A2BF7D1704782
:10341000002330B551F8234052F823502C4440F893
:10342000234001330A2BF5D130BD0000002330B515
:1034300051F8234052F82350641B40F823400133D5
:103440000A2BF5D130BD000030B55242041F0439BB
:10345000243054F8045F51F8043F844283EA0503A2
:1034600003EA020383EA05032360F2D130BD0000C2
:103470002DE9F04F8BB0044608460025FFF74CFBC2
:103480000190081DFFF740FB8301C81D0093FFF763
:103490003BFB4FEA401A01F10A00FFF735FB4FEA08
:1034A000C00B01F10D00FFF72FFB860001F11000AA
:1034B000FFF732FB814601F11400FFF725FB4FEACD
:1034C000C01801F11700FFF71FFB470101F11A00B7
:1034D000FFF71AFB030101F11D000493FFF714FB32
:1034E000019A6C4B03EA800312F1007005934FEAD6
:1034F000906045F1000340EA83109B1681064FEA75
:10350000901C521A06926CEB4C020792009A10180B
:1035100043F1000216F1007C45F100014FEA9C6C7A
:103520004CEA811C89164FEA8C634FEA9C15F31A0A
:1035300065EB450619EB0C0941F1000110F1807CA7
:1035400042F100054FEA5C6C4CEAC51C6D161AEBA3
:103550000C0AA0EB4C6245F1000519F1807008924D
:103560004FEA506041F1000240EAC2105216A9EB46
:103570004061099118EB0001009142F100021AF13B
:10358000007145F10005890E41EA8511AD161BEB6E
:1035900001004FF0130B019045F10005009810F168
:1035A000007042F10002800E40EA821092163F182D
:1035B000029742F10002019F17F1807E45F100055C
:1035C0004FEA5E6E4EEAC51E029D13EB0E0346F1F6
:1035D000000615F18077049D42F100027F0E0393EF
:1035E00047EAC2175216ED1942F1000213F1007CAE
:1035F000049546F100064FEA9C6C069B4CEA861C3B
:1036000015F10076059D42F10002B60E46EA8216DB
:10361000921615EB060942F1000219F1807542F18C
:1036200000026D0E45EAC215A5FB0B2BA9EB456503
:10363000D218079B4BEB030B12F10078089B4BF160
:10364000000B4FEA986848EA8B18A2EB8862226068
:1036500013EB08026260AAEB8162A260019B6562C3
:10366000A3EB4E61039BA3EB8C63E1602361099B99
:1036700013EB0C036361009BA3EB8063A361029BCC
:10368000A3EB4760049BA3EB8666E06126620BB068
:10369000BDE8F08FFCFFFF012DE9F04F0D688BB006
:1036A0000C694FF0130B82FB055C82FB044615F19D
:1036B00000774CF1000ABF0E47EA8A174FEAAA6862
:1036C0000AF07C4ABB064AEA971AEB1A4D68069341
:1036D0006CEB0A0314F1007CC2FB0578079346F1FA
:1036E000000E4FEA9C6C4D694CEA8E1C4FEAAE6AA4
:1036F0000EF07C4E4FEA8C634EEA9C1EC2FB05CA5C
:10370000E41A66EB0E0E17F1807548F100086D0E95
:1037100045EAC8154FEA6863A7EB45668F680896C7
:103720001CF18076C2FB07534AF1000A760E15F1B0
:10373000007946EACA1643F100034FEA9969ACEBF7
:10374000466749EA831909974FEA6A6A8F699B16A7
:10375000A5EB8965C2FB076ACF6801964E46C2FB9E
:1037600007630296019ECF6916F1007C4AF1000AB8
:103770004FEA9C6C4CEA8A1C4FEAAA6A6646C2FB76
:10378000076A0396029E16F1807843F100034FEA20
:10379000586848EAC31814EB08044EEB6366039BB1
:1037A00013F180770B6A496A4AF1000A7F0E85603F
:1037B00047EACA174FEA6A6ABE46C2FB03EACDF877
:1037C00010E014F1007E46F100034FEA9E6E4EEACF
:1037D000831E049B13F10076A4EB8E644AF1000370
:1037E000B60E46EA83169B16B246C2FB01A31AF137
:1037F0008071CDF814A043F10003490E41EAC311D2
:103800005B16A1FB0B2A0BFB03AA069BD218079B96
:103810004AEB030A12F100734AF1000A9B0E43EAD5
:103820008A13A2EB83620260089AD3184360029B5A
:10383000A3EB4863C3600461099B13EB0E03436170
:10384000019BA3EB8C638361039BA3EB4767049B02
:10385000A3EB8666059BC761A3EB416106624162EB
:103860000BB0BDE8F08F00002DE9F04FA3B04FF092
:10387000130E8146D1E90053D2E9008407938B6887
:103880000EFB04F00093CB680893D1E904C30993BD
:10389000D1E906730A93D1E908630B939368019306
:1038A000D36803931369059353690C9393690E933B
:1038B000D3691593136A1793536A1893079B5B0098
:1038C0000F93089B5B001093099B5B0011930A9B6D
:1038D0005B0012930B9B5B001393019B0EFB03F3A6
:1038E0001993039B0EFB03FB059B0EFB03F316933F
:1038F0000C9B0EFB03F314930E9B0EFB03F30D9333
:10390000159B0EFB03F30693179B0EFB03F3049327
:10391000189B0EFB03F30293029A0F9B83FB021A80
:10392000009B049AC5FB081AC3FB021A109B069A57
:10393000C3FB021A0D9B149ACCFB031A119BC3FB09
:10394000021A169B009AC7FB031A129BC3FB0B1AA1
:10395000199BC6FB031A139BC3FB001A079B1A9102
:1039600088FB03300299C5FB0430C1FB0230049A86
:103970000899C2FB0130069A0999C2FB0C300D9AD6
:10398000C2FB0130149A0A99C2FB0730169AC2FB97
:103990000130199A0B99CBFB0630C2FB0130199309
:1039A0000F9B019A1B9083FB04300299C5FB0230E8
:1039B000009AC8FB0230109AC1FB0230049A119998
:1039C000C2FB0C30069AC2FB01300D9A1299C2FB61
:1039D0000730149AC2FB0130169AC2FB0630139AC4
:1039E000CBFB0230019ACDE91C30079B83FB02B070
:1039F000039B099AC5FB03B0009BC3FB04B0089B63
:103A0000C8FB03B0029BC3FB0CB0049BC3FB02B01A
:103A1000069B0A9AC3FB07B00D9BC3FB02B0149B25
:103A20000B9AC3FB06B0169BC3FB02B0039A0F9B15
:103A30001E9083FB0231059AC5FB0231DDE90020AF
:103A4000C2FB0031109A0298C2FB0431119AC8FBE4
:103A50000C31C0FB0231049AC2FB0731069A12985E
:103A6000C2FB00310D9AC2FB0631DDE91302C2FB35
:103A70000031059A1493079B169183FB02030C9A5D
:103A80000399C5FB0203009AC2FB0103089A01993E
:103A9000C2FB0103099ACCFB04030A99C8FB020389
:103AA000029AC2FB0703049AC2FB0103069A0B9910
:103AB000C2FB06030D9AC2FB01030C9A1F930F9BD6
:103AC0000D9083FB02030E9A0599C5FB0203009A31
:103AD000C2FB0103109A0399C2FB0103019ACCFBBC
:103AE0000203119AC2FB0403129A0299C8FB07034E
:103AF000C1FB0203049A1399C2FB0603069AC2FB98
:103B000001030E9A2093079B069083FB0203159AEC
:103B10000C99C5FB0203009AC2FB0103089A0599A0
:103B2000C2FB0103039A0199CCFB0203099AC2FB71
:103B300001030A9AC7FB04030B99C8FB0203029A0C
:103B4000C2FB0603049AC2FB0103159A21930F9B43
:103B5000049083FB0203179A0E99C5FB0203009A97
:103B6000C2FB0103109A0C99C2FB0103059A039949
:103B7000CCFB0203119AC2FB0103019A0299C7FB15
:103B80000203129AC2FB0403139AC8FB0603C1FB8B
:103B90000203179A1093079B189983FB02320F9028
:103BA000C5FB013215980099C1FB00320E991546EC
:103BB000089AC2FB01350C9A0599CCFB0235099A8B
:103BC000C2FB0135039A0199C7FB02350A9AC2FB71
:103BD00001350B9AC6FB04351A99C8FB02350593CB
:103BE0001A9B079513F100764AF10000B60E46EADB
:103BF000801600F07C43B20643EA96138A1A1499A1
:103C00006AEB030308920993199B9E191B9B43EBD4
:103C1000A060149B13F10075169B4FEA956543F164
:103C2000000345EA831503F07C44AA0644EA951490
:103C30008A1A169961EB04010D9C65191F9C44EBCF
:103C4000A36316F1807440F10000640E44EAC014CE
:103C5000A6EB44660A961C9E341900941D9C44EB06
:103C6000606015F1807443F10003640E44EAC314EC
:103C7000A5EB44650B95069D2C190194209C44EB03
:103C80006363009C14F1007440F100004FEA9468F3
:103C90001E9C48EA80181BEB080B44EBA060019CBB
:103CA00014F10076049C43F10003B60E46EA831635
:103CB00014EB060A219C44EBA3631BF1807C40F1CA
:103CC00000004FEA5C6C4CEAC01C12EB0C0241EBAA
:103CD00060611AF180750F9843F100036D0E029236
:103CE00045EAC3154019AAEB45650390109840EBCF
:103CF000636312F1007741F10001BF0E47EA8117BB
:103D0000039911F10074059943F10003A40E44EAEC
:103D1000831409190491079941EBA363049911F1E4
:103D2000807043F10003400E40EAC3105B16A0FB15
:103D30000E120EFB0323089A8918099A43EB02031B
:103D400011F1007E43F100034FEA9E6E4EEA831E9E
:103D50000A9B13EB0E03A1EB8E61C9F80430009BA4
:103D6000C9F80010A3EB8863C9F80830ABEB4C63CB
:103D7000C9F80C30029BC9F81C50A3EB87620B9B5F
:103D8000DF19019BC9F81020A3EB8666039BC9F8D5
:103D90001470A3EB8464049BC9F81860A3EB406023
:103DA000C9F82040C9F8240023B0BDE8F08F000016
:103DB0002DE9F04F95B04FF026088246D1E9026216
:103DC000D1E9003008924FEA400B4FEA430ED1E9A7
:103DD00004720392D1E9065204920A6A05924A6A71
:103DE00013210992720001FB05F40692089A520011
:103DF0000192039A52000292049A52000A92049A83
:103E000008FB02F20792059A01FB02F9099A03994D
:103E100008FB02F208FB01F88BFB021C0092C3FBBB
:103E2000031C7300079AC3FB091C019BC3FB021C04
:103E30007B00C3FB041C039BC3FB081C0B91009B72
:103E4000019A83FB0638CEFB0038C9FB0238079A7B
:103E5000C2FB0738029AC4FB02380C938BFB00317B
:103E6000DDE90002CEFB0631C0FB02317A00029888
:103E7000C9FB0231079AC2FB00310846089AC4FB0D
:103E80000530CDE90D308BFB0631CEFB0231009AB7
:103E9000C2FB0731029AC9FB0231079A0846009912
:103EA000C2FB0530CDE90F30019B6800029A8BFB05
:103EB0000334CEFB0734C6FB0634C1FB0234079A39
:103EC0000499C9FB0034C2FB01348BFB071607932E
:103ED000039B089AC3FB0E16069BC3FB0216009BAE
:103EE000C3FB05160A9B0846C9FB0306029B1190FB
:103EF0008BFB0310069BCEFB0510C3FB0710019B39
:103F0000C3FB02100A9B009AC2FB0310059B049A94
:103F1000C9FB031008918BFB05131290CEFB021313
:103F20000398069AC2FB0013019AC2FB0713059A75
:103F300008460099C1FB020313930A9B03908BFB75
:103F400003930498CEFB0293069AC2FB0593DDE926
:103F50000121C2FB0193099A0099C7FB0793C1FB9A
:103F600002930A93059B8BFB0312099BCEFB031262
:103F7000069BC3FB0012019BC3FB0512029B084674
:103F80001546C7FB03050B9B049013F1007E0B98AD
:103F900005954CF100014FEA9E6E4EEA811E01F03C
:103FA0007C434FEA8E6243EA9E13801A6CEB030354
:103FB000069009930C9B079813EB0E0E079B48EB9A
:103FC000A16813F1007C44F100034FEA9C6C4CEAB9
:103FD000831C03F07C414FEA8C6241EA9C11821AF7
:103FE00064EB0104119911EB0C0C46EBA3631EF179
:103FF000807648F10001760E46EAC116AEEB4660C7
:1040000007900D98801900900E9840EB61611CF1AB
:10401000807E43F100064FEA5E6343EAC613ACEBD1
:1040200043600B900898C31800980193129B43EBD0
:10403000666310F100760F9841F100014FEA96682F
:1040400048EA811810EB080B109840EBA161019829
:1040500010F1007643F10000B60E039B46EA80168D
:104060009B190293139B43EBA0631BF1807C41F1EE
:1040700000004FEA5C6C4CEAC01C12EB0C0244EBF3
:1040800060610298039210F180750A9843F1000371
:104090006D0E45EAC31519EB050940EB636312F198
:1040A00000774FF0130241F1000119F100744FEA5B
:1040B000976743F10003A40E47EA8117049944EA85
:1040C00083140919A9EB84640491059941EBA36356
:1040D000049911F1807043F10003400E40EAC310CF
:1040E0005B16A0FB021E02FB03E3069A8918099ADD
:1040F00043EB020311F1007E43F100034FEA9E6E91
:104100004EEA831E079B13EB0E03A1EB8E61CAF8E8
:104110000430009BCAF80010A3EB8863CAF808308B
:10412000ABEB4C63CAF82040CAF80C30039BA3EBFE
:1041300087620B9BDF19019BCAF81020A3EB8666F0
:10414000029BCAF81470A3EB4565049BCAF818607B
:10415000A3EB4060CAF81C50CAF8240015B0BDE8B3
:10416000F08F00000029A1BFCB1001F00701C05C57
:1041700040FA01F1ACBF01F00100002070470000DF
:1041800070B500F11C02041F084E0120002556F8EE
:10419000041B54F8043FC9435B1845EB05011B1889
:1041A00041F10000A242F2D170BD00BFB8C10008C9
:1041B000F8B50024064608460D46FFF7E1FFDFF894
:1041C00034C00246C117C0F1000E20465CF8043B23
:1041D00055F824702EEA0303DB1940EB00079B1807
:1041E00046F8243004F1010441EB07020021082CB9
:1041F000ECD1F8BDB8C1000810B50446FFF7E8F8E7
:1042000004F12800FFF7E8F804F15000FFF7E4F8A4
:1042100004F17800BDE81040FFF7DAB838B50A4677
:1042200005460C462831FFF7F3F82830FFF7FEF873
:1042300004F1500105F15000FFF7D6F804F17801C0
:1042400005F17800024ABDE83840FFF70DBB00BF1A
:1042500000C200082DE9F04395B0044616460D460D
:104260000A466846283104F12808FFF7D1F80AA861
:10427000FFF7DCF8324669466846FFF7F5FA0AA907
:1042800006F1280204F15007084604F17809FFF707
:10429000EBFA0AAA69464046FFF7BAF82046FFF74C
:1042A000C5F805F1500238461146FFF7B1F806F19E
:1042B00050023946FFF7D8FA06F1780205F1780185
:1042C0004846FFF7D1FA4A4639466846FFF7A0F854
:1042D0000AA8FFF7ABF8424621464846FFF7C4FA62
:1042E0000AAA21462046FFF7BFFA6A4641464046E1
:1042F000FFF7BAFA0AAA69463846FFF7B5FA15B0C9
:10430000BDE8F0832DE9F84F0A9E1C46054690460D
:1043100018460F460A462831FFF77AF8304605F16D
:10432000280AFFF783F842462146204605F1500946
:10433000FFF79AFA08F1280231463046FFF794FA5F
:10434000324621465046FFF763F82846FFF76EF8DD
:1043500007F1500205F1780B48461146FFF758F86F
:1043600008F1500207F178015846FFF77DFA5A46E6
:1043700049462046FFF74CF83046FFF757F85246BB
:1043800029465846FFF770FA324629462846FFF775
:104390006BFA224651465046FFF766FA32462146EE
:1043A0004846BDE8F84FFFF75FBA00002DE9F04737
:1043B000144689460746104604F1280809F1280AE0
:1043C00004F15005FFF7F4FC51464046FFF7F0FCBE
:1043D00009F15001284604F17806FFF7E9FC294667
:1043E00028460222FFF758F9494607F17809524654
:1043F0003046FFF70DF831464846FFF7D9FC224614
:1044000041463046FFF704F84046FFF70FF83246C2
:1044100049462046FFF70AF8424629462846FFF754
:1044200005F82A4621463846FFF71EFA424631462D
:1044300007F12800FFF718FA2A46414607F1500015
:10444000FFF712FA324621464846BDE8F047FFF72B
:104450000BBA000038B5FC2204460D46114628462A
:10446000FFF780FE08B9013AF8D14FF6FF73013229
:104470002380E270A37038BD2DE9F84F9846C378C9
:1044800005460E4693420CD111464046571EFFF793
:1044900069FE044640463946FFF764FE844209D16E
:1044A000EF70B5F9003093420CBF95F9020000207F
:1044B000BDE8F88F511C4FF000098E42A8BF0E4690
:1044C00006F1FF3A971B04FA0AF4BB466442CA4558
:1044D0000BF1010B09DD59464046FFF743FE00FA98
:1044E00009F009F101090444F1E739464046FFF7B4
:1044F00039FE04446342234013F0AA0F14BF012085
:10450000002013F0CC0118BF022113F0F00340EAA1
:10451000010018BF0423511C03438E1B1E4444FAA0
:1045200003F32E80AB70BBE7D0E9103210B5D0F8A2
:10453000D04000211B1952F1000228BF0121C0E91F
:10454000103231B1D0E91232013342F10002C0E938
:10455000123210BD70B50D46A0F1080600F17804C6
:1045600028460835FEF7DAFAE6E90201A642F7D155
:1045700070BD0000F8B504460D468E180027B54200
:1045800018D0D4F8D030802B07D12046FFF7CCFFCD
:104590000021FEF71FFBC4F8D070D4F8D0202046CD
:1045A00015F8011BFEF7F2FED4F8D0300133C4F841
:1045B000D030E4E7F8BD000008B5FEF7FBFA084389
:1045C000B0FA80F04009013808BD000000231A4607
:1045D0008B4202D0C2540133FAE7704770B59EB0E7
:1045E00005460C4604266846FFF7E2FB69460AA822
:1045F000FFF7DEFB0AA90846FFF7DAFB0AAA214605
:104600001046FFF731F90AAA69466846FFF72CF908
:1046100069466846FFF7CCFB6A460AA96846FFF779
:1046200023F969460AA8FFF7C3FB0AA90846FFF762
:10463000BFFB013EF9D16A460AA968460926FFF781
:1046400013F969460AA8FFF7B3FB0AA90846FFF762
:10465000AFFB013EF9D10AA96A4613260846FFF7C7
:1046600003F90AA914A8FFF7A3FB14A90846FFF74A
:104670009FFB013EF9D10AAA14A909261046FFF7AB
:10468000F3F80AA90846FFF793FB0AA90846FFF7C3
:104690008FFB013EF9D16A460AA968463126FFF729
:1046A000E3F869460AA8FFF783FB0AA90846FFF763
:1046B0007FFB013EF9D10AA96A4663260846FFF747
:1046C000D3F80AA914A8FFF773FB14A90846FFF74B
:1046D0006FFB013EF9D10AAA14A931261046FFF753
:1046E000C3F80AA90846FFF763FB0AA90846FFF7C3
:1046F0005FFB013EF9D16A460AA96846FFF7B4F8A4
:1047000069466846FFF754FB69466846FFF750FB69
:10471000224669462846FFF7A7F828216846FFF792
:1047200055FF0DEB0100FFF751FF14A8FFF74EFFF7
:104730001EB070BD10B58CB0044602A80191FFF701
:104740004DFF02A90846FFF733FB02A90846FFF711
:104750002FFB02A9019A0846FFF786F802A908462E
:10476000FFF726FB019A02A92046FFF77DF82821D2
:1047700002A8FFF72BFF0CB010BD000070B58AB087
:1047800002460B4601F128066D461868083353F8B7
:10479000041C2C46B34203C42546F6D11321099BC1
:1047A000684600244B43694603F180735B16056835
:1047B000013408302B4450F8045C052C05EBA3634E
:1047C0004FEA6363F3D113200024434308680134A4
:1047D00008310344052C23F07C4041F8080C51F8C3
:1047E000040C00EBA3604FEA606320F07E4041F8C8
:1047F000040CEBD11046DDE9003143EA8161FEF79C
:1048000099F90299019B101DC90441EA9311FEF721
:1048100091F90399029B02F10800490341EA5331DF
:10482000FEF788F90499039B02F10C00890141EA23
:10483000D341FEF77FF902F11000DDE9053143EACB
:104840004161FEF777F90799069B02F11400C9044C
:1048500041EAD311FEF76EF90899079B02F118009F
:10486000090341EA5331FEF765F90999089B02F102
:104870001C00890141EA1351FEF75CF928216846C2
:10488000FFF7A4FE0AB070BD2DE9F04F2DED028BAD
:104890009DB00C466422002108EE100A03A8FDF723
:1048A00061FF0DF10C080022DFF8E0E0414604F161
:1048B0003C0992465EF8043B251F8C460026019376
:1048C00000950098D346DCF8003050F8047F009043
:1048D0003846019FE7FB003B9B194CF8043B4BF12A
:1048E0000006009B9945ECD101320E640431092A7F
:1048F000E0D10021202203A8FDF734FF002103AB03
:104900008E461A6C0020DFF888A09C46C1F1080989
:10491000019200905AF8047BF346DCF80020013045
:104920003E46019FE7FB062B009E92194CF8042B94
:104930004BF1000248450092ECD3013104330829C1
:10494000DFD11C3401210020D8F8002055F8043FA5
:10495000D2439B1840EB00025B1842F10001A542D4
:1049600048F8043BF0D103A90846FFF721FC0822D0
:1049700003A918EE100AFEF7F3F8642103A8FFF765
:1049800025FE1DB0BDEC028BBDE8F08F10C70008FE
:10499000B8C1000810B588B001466846FFF7EEFEC2
:1049A0009DF800406846202104F00104FFF70EFE48
:1049B000204608B010BD000030B59FB00D4604463B
:1049C00050316846FFF7B6FE6A4629460AA8FEF748
:1049D0004BFF6A4605F1280114A8FEF745FF14A90C
:1049E0002046FFF7CBFE0AA8FFF7D4FFE37F28217C
:1049F00083EAC010E0776846FFF7E8FD0DEB0100A1
:104A0000FFF7E4FD14A8FFF7E1FD1FB030BD000083
:104A100010B590B00446102201466846FEF792F8A1
:104A200069462046FFF730FF40216846FFF7CEFD7C
:104A300010B010BD10B590B00C4601466846FFF7A7
:104A40009DFE214608A8FFF799FE08A96846FFF7D2
:104A5000B3FD202104466846FFF7B8FD0DEB0100C9
:104A6000FFF7B4FD601C10B010BD0000F0B595B0AC
:104A700004466846FEF7B8FC69462046FFF7AEFDDF
:104A800021460AA8FFF794F90AA96A460846FEF7E4
:104A9000EBFE6846FEF7A0FC69460AA8FFF7CAFFCE
:104AA000694606466846FEF7A9FC0AA8FFF7C2FF5A
:104AB000104A054668461146FEF7A0FC69460AA85A
:104AC000FFF7B8FF0746214668460A4AFEF7CCFEC4
:104AD00045EA070269462046FEF7B6FC28210DEBA1
:104AE0000100FFF773FD6846FFF770FD46EA050019
:104AF00015B0F0BD68C20008DFF880C02DE9F041B4
:104B00009046A0B004460E461D4600F108070CF181
:104B100038026346083703CB934247F8080C47F83E
:104B2000041C9C46F5D186EA0522124B0021534015
:104B300000222360104B63600023C4E93416C4E9EB
:104B40001023C4E912238DB17C2201A80091FDF746
:104B500009FE2A4641466846FDF7DEFD694604F136
:104B60005000FFF7F7FC8023C4F8D03020B0BDE838
:104B7000F08100BF08C9BDF267E6096A30C20008CB
:104B8000002340211A46FFF7B7BF00008830FFF727
:104B9000F7BF00002DE9F04704460D4617469AB3CB
:104BA000D0F8D0604FF0000A04F150094FF08008AF
:104BB000764206F07F06964228BF164632463544B6
:104BC000BE1BFFF7D7FC26F07F072F44AF4213D060
:104BD000D4F8D030802B07D12046FFF7A5FC002168
:104BE000FDF7F8FFC4F8D0A029464846FFF7B2FC0D
:104BF0008035C4F8D080E9E706F07F0239462046C8
:104C0000BDE8F047FFF7B6BCBDE8F0878830FFF796
:104C1000C1BF00002DE9F84304460D46D0F8D0602E
:104C20007F2E06D83246002120460136FEF7AEFB25
:104C3000F6E72046A4F10807FFF776FC0121FDF70F
:104C4000C9FFD4F8D4202E4622F00708A8444645D0
:104C50000CD057F8081F3046D7F80490FDF76AFFCC
:104C6000301D08364946FDF765FFF0E722F00703DF
:104C7000D4F8D4209A4217D903F0070223F0070092
:104C8000DE08D100204454F836204768C1F12006E0
:104C9000A1F12000CA4007FA06F627FA00F03243D5
:104CA0000243EA540133E3E72046D821BDE8F84344
:104CB000FFF78CBC8830FFF7ADBF000010B5B6B071
:104CC00004466846FFF718FF6846DDE93812FFF72B
:104CD00061FF21466846FFF79DFF36B010BD00001A
:104CE000002307B5CDE900121A464021FFF7E6FF81
:104CF00003B05DF804FB000003689B6818470000E0
:104D00002DE9F0410E46044615460139024606F1EA
:104D10003F0042F8043B11F8017F814202F8017B19
:104D2000F9D16A1E04F1640105F11F0012F8017F38
:104D3000824201F8017BF9D120465B6898472368DD
:104D4000314620469B682022984723682946204602
:104D50009B682022BDE8F04118470000014BFFF797
:104D6000CFBF00BF34C70008FFF7C6BF2DE9F04F23
:104D70008046ADF56F7D054658F8043B16A905F150
:104D8000240A05F16409DB6826AC984716A8FFF7EA
:104D90003FFE0822514604A8FDF7D4FE494630A83C
:104DA000FEF766FB3AA8FEF717FB30A944A8FEF70A
:104DB000FFFF864A44A92046FEF756FD44A93AAAB9
:104DC0000846FEF733FB20462146FEF721FB44A9A7
:104DD0002246FEF749FD21462046FFF747FE28B947
:104DE0004FF0FF300DF56F7DBDE8F08F224644A9EE
:104DF0002046FEF739FD2046FFF7CCFD95F88330BD
:104E0000B0EBD31F03D021462046FEF7F7FA44A8A3
:104E100030AA2146FEF728FD04A8FFF7B1F90028C3
:104E2000DED121462046FEF7E9FA44A94EAF0846F6
:104E3000FEF7E4FA76AA21463846FFF7B7FA21468C
:104E40009EA8FFF7EBF99EAA394676A8FFF702FA6B
:104E500076A9C6A8FFF7E2F916A902A8FFF7FAFAA1
:104E600003A85146FFF7F6FA9DF80B609DF80F3046
:104E700020469E4238BF1E46FFF7BEF93A462146FD
:104E80002046FFF793FA16AB3246032102A8FFF73C
:104E9000F3FA05465346052103A8FFF7EDFA002D66
:104EA000834623DD6D10A0229EAB02FB0532214616
:104EB0002046FFF7CFF9BBF1000F3ADD76AB44494E
:104EC0004FEA6B0B78220093204602FB0B120CABCF
:104ED0002146FFF717FA013ED0D226A94846FFF730
:104EE0006BFD49464046FFF767FB7BE7E3D005EBE8
:104EF000D5756FF09F019EAB80A86D104D43591979
:104F0000FEF772FA9EAB05F1280176A81944FEF768
:104F10006BFA9EAB05F150018AA81944FEF764FABA
:104F20009EAB05F1780194A81944FEF767FA76AABA
:104F3000BDE7D0D00BEBDB73254A6FF0770530A9C6
:104F40005B100CA803FB05252246FEF761FA76A844
:104F5000FEF76CFA0CA905F128020846FEF784FC5E
:104F600076A92A460846FEF77FFC76AA0CA930A847
:104F7000FEF74EFA2046FEF759FA3AAA11461046B5
:104F8000FEF746FA44A905F150020846FEF76CFC0C
:104F900044AA3AA90CA8FEF749FA76A8FEF738FA0F
:104FA00030AA214644A8FEF75FFC76AA2146204697
:104FB000FEF75AFC30A90CAA0846FEF755FC76AA63
:104FC0000CA93AA8FEF750FC85E700BFD8C100083D
:104FD00090C200080121884238BF084605F032B966
:104FE00008B105F033B9704710B5084C01220849E3
:104FF000002001F0B7FE23783BB1064803F0D0FC57
:10500000044803F003FD0023237010BDE0330020AB
:1050100048C70008C03600201D482DE9F041036D47
:105020002BB901224FF48051503005F053FA194E3C
:1050300033780BB1FFF7D8FF0324174F4FF0000868
:10504000134D15492846C7F8048003F0D1FC2846C3
:1050500003F00AFB48B1013C284603F0D7FC14F0EA
:10506000FF04EED1204634700FE00C4901220C48B9
:1050700001F078FE014618B1284603F091FCEAE7FA
:10508000084800F011F801203070BDE8F08100BF41
:10509000C0360020E03300203422002048C700083A
:1050A000E43300204CC700080FB4002004B0704760
:1050B0000068704703460068596870470B0A017022
:1050C00043700B0C090E8370C1707047110A027097
:1050D00003714170110C120E8170C2701A0A427174
:1050E0001A0C1B0E8271C37170470000C36A02392B
:1050F000023B8B4283BF4389006C01FB030000200D
:1051000070470000C2F307238A76CB760378032B1F
:1051100001BF120C0A75120A4A75704700F10B01A3
:105120000022D30143EA520310F8012B52FA83F311
:105130008842DAB2F5D110467047000010B54178C8
:1051400004460020013102464901022A16BFA35C31
:10515000032203EBC03302F101021EBF9BB203EB3B
:10516000500398B29142F0D810BD000002684AB1D5
:10517000134613F8011B1F290DD93A29F9D1911CA7
:105180008B4202D04FF0FF3070471278302AF9D1AD
:10519000036000207047014B1878704730360020BC
:1051A00038B50D46044618B9092000232B6038BDD8
:1051B0000368002BF8D01A78002AF5D08188DA88A5
:1051C0009142F1D1587804F0A9FB10F00100EBD125
:1051D0002368EBE738B50D4640F25231144602F031
:1051E000BDF9FF2807D9012C0BD9030A02246870E6
:1051F0002B70204638BD30B1002CFAD00124287025
:10520000F7E70024F5E70446F3E700002DE9F8434B
:105210000026D0F8008005460C468E76836B002B66
:105220004AD098F80030042B4BD1334635464027FE
:1052300020E0B7F5187F80F0C480F90606F101067A
:1052400008BF0237D05B02372BB900F5205292B26B
:10525000B2F5006F0DD305F11A01C5F1FF0240EA66
:1052600003402144FFF7B6FF002800F0AA80054460
:1052700000200346D8F8102092F82310B142D8D865
:10528000002B40F09E80002D00F09B8000232544E1
:10529000AB766373D8F81020137903F03701DB067F
:1052A00021730BD402F13800FFF704FFC4E90001B9
:1052B00093896381D3892381BDE8F8830020014667
:1052C000F4E7C36C01335ED1EA6B00232E26551E32
:1052D000184615F8011F013020290CD0052908BFF8
:1052E000E521092804D10B2B9EBFE71801337E73FB
:1052F000E718013379730B28EBD1E11800204873CC
:10530000A17E00294BD1002B40D06FF00C0604F198
:105310000D000825361B331810F8011B002938D062
:105320002E298BB24AD0A3F14101192903D8117B50
:105330000D4200D020330373EDE7B9F1000F05D122
:1053400000F520539BB2B3F5006F0BD307F11A01A0
:10535000C7F1FF0240EA09402144FFF73BFF48B193
:105360000744002002368146D8F80C30985B0028AC
:10537000E3D13846B9F1000F4FF0000218BF00200A
:1053800023189A76A0E7B1463746EDE73F23A37688
:105390000123234400219976137B03B96373D37AE5
:1053A00002F11C0003F03F0323730023FFF780FE8C
:1053B00020606360D38A6381138B7CE710250B46E2
:1053C000B9E73F230125A37660E7000038B505461D
:1053D000002435F8020B08B9204638BD02F0F2F877
:1053E0006308C2B203EBC43312FA83F39AB2C0F378
:1053F000072303EB520303EBC2339CB2E9E700003F
:1054000037B5C37804461BB90025284603B030BD24
:1054100000F14C01826C01234078019104F0A4FA60
:10542000054680B9A36BE070A06C226BC31A93424F
:10543000EAD2A3780199022BE6D1024401236078D5
:1054400004F092FAE1E70125DFE7000038B5836C4C
:1054500005460C468B4210D0FFF7D2FF60B92246BA
:10546000012305F14C01687804F05AFA00281CBFAA
:105470004FF0FF340120AC6438BD0020FCE7000091
:1054800038B500230446C3704FF0FF338364FFF741
:10549000DDFF00284BD1B4F84A524AF655239D420D
:1054A00007D10B22254904F14C00FBF7EBF900284A
:1054B0003FD094F84C30EB2B03D01833DBB2012BE8
:1054C0002ED84AF655239D4206D108221C4904F1E4
:1054D0009E00FBF7D7F948B3B4F85730B3F5007F17
:1054E0001ED194F85930DBB15A1E1A4218D1B4F8C3
:1054F0005A30ABB194F85C30013B012B10D8B4F8B2
:105500005D306BB1B4F85F307F2B06D804F16C00CE
:10551000FFF7CEFDB0F5803F02D3B4F8623053B947
:105520004AF6552085420CBF0220032038BD0420D6
:10553000FCE70120FAE70020F8E700BF78C7000881
:1055400084C7000802392DE9F04701F007044FF045
:10555000010A466C05460AFA04F41746984606EB1B
:105560001136C1F3C809E4B2314628460136FFF7C7
:105570006DFF18B10120BDE8F087994605EB0902DF
:1055800092F84C30234214BF01210021414513D031
:105590006340013F82F84C3085F803A0EBD06400F3
:1055A00014F0FF04EAD109F1010301244FF00009CE
:1055B000B3F5007FE1D1D7E70220DCE701290246FD
:1055C000F8B50C4640F28C800668F36A8B4240F2D4
:1055D00087803378013B032B00F28280DFE803F001
:1055E0000229384B04EB5405B16B304601EB5521D1
:1055F000FFF72CFF10B14FF0FF30F8BD6F1CC5F363
:105600000805B16B3046354401EB572195F84C50F5
:10561000FFF71CFF0028EED1C7F30807E3073E445D
:1056200096F84C0045EA00204CBF0009C0F30B007F
:10563000E3E7B16B304601EB1421FFF707FF0028C9
:10564000D9D1640004F4FF742644B6F84C00D4E7C2
:10565000B16B304601EBD411FFF7F8FE0028CAD138
:10566000A40006F14C0004F4FE742044FFF720FD72
:1056700020F07040C1E7D0E90430D57953EA000149
:1056800001D0916801B95DBB9168022DA4EB0101C5
:105690000DD1013B728940F1FF305B0A43EAC053F0
:1056A000B3FBF2F399421BD81CD0601CA5E7032D75
:1056B00002D193698B42F8D8D3699BB9B16B30465C
:1056C00001EBD411FFF7C2FE002894D1A0004C36A4
:1056D00000F4FE703044FFF7EBFC20F000408CE754
:1056E00001208AE76FF0004087E70000F8B5066800
:1056F00004460D463378042B0CBF4FF080524FF414
:1057000000128A4201D80220F8BDCA06FBD1826885
:105710000163D2B9022B13D83389B3EB551FF2D9E9
:10572000F36BA363A36B6263002BECD003EB5523F5
:105730004C36C5F308050020A3633544E563E3E771
:10574000F36BC271002BE7D01A4677897F02BD4206
:10575000114604D23046FFF7C9FCA063E2E72046B9
:10576000FFF72CFF431C024606D00128CBD9F36A71
:105770008342C8D9ED1BEAE70120C5E701292DE9DD
:10578000F04706460C46174608D9C36A8B4205D92E
:105790000378022B62D003D8012B22D0022552E0DD
:1057A000033B012BFAD8816B01EBD411FFF74EFEBE
:1057B0000546002847D1A40006F14C0304F4FE740A
:1057C0001C443378042B07D0204627F07047FFF79E
:1057D0006FFC00F07040074339462046FFF76EFC2F
:1057E0002FE001EB5108816B01EB5821FFF72EFEF2
:1057F000054640BB14F0010406F14C0908F1010A0A
:10580000C8F3080808BFFBB230461FBF19F80830BC
:1058100003F00F023B0103F0F00318BF134309F834
:1058200008300123B16BF37001EB5A21FFF70EFE34
:10583000054640B9CAF3080A44B1C7F3071709F887
:105840000A700123F3702846BDE8F08719F80A3082
:10585000C7F3032723F00F031F43F0E7816B01EB2E
:105860001421FFF7F3FD05460028ECD1640006F192
:105870004C0304F4FF741F551919C7F307274F7021
:10588000DFE70000F8B504460E461746E3690BB99A
:105890001846F8BD012BA6EB0305206814BFAA1C0F
:1058A0003A46691CFFF76AFF0028F2D1E369013B21
:1058B000E361EBE701292DE9F84306460C4617465C
:1058C000056802D80220BDE8F883EB6A8B42F9D95B
:1058D0007AB9A14621463046A046FFF76FFE04463E
:1058E000B0B92B78042B02D1002F43D1F7710020DF
:1058F000E9E72B78042B02D1C379022BE9D04FF0D2
:10590000FF3239462846FFF739FF0028E1D0DAE7B1
:105910000128D7D0421C01D10120D4E72B78042BD9
:1059200019D1EA6AAB69023A93421CD308F1010229
:10593000A2420CD02B78042B08D10023A2EB090241
:1059400049462846FFF7FEFD0028BCD1A146EB6A78
:10595000A342BFD8C5E7002241462846FFF70EFF05
:105960000028DED0AFE70133AB612B7943F00103B0
:105970002B71DBE7F3798BB9B468BC4202D1022307
:10598000F371B4E721463046FFF718FE012899D994
:10599000431CC1D001348442EFD0A8E7032BA6D129
:1059A000B368BB42A3D8B2691344BB429FD3E6E7B6
:1059B00070B5C3790446032B06D181688369CD187D
:1059C000A94203D10023E371002070BD4E1C206862
:1059D0003246FFF7D3FE0028F7D13146F0E700004A
:1059E0002DE9F74305460191FFF70AFD044600281B
:1059F00049D105F14C09019928464FF40072FFF78F
:105A000075FB2146A86407464846FCF7ABFE6C8947
:105A10006402B4F5004F28BF4FF40044B4F5007F92
:105A20002FD9204604F016FC804630B122460021D2
:105A3000640A0026FCF796FE09E06408EEE72346B8
:105A4000BA194146687803F08FFF18B926446B896C
:105A50009E42F4D3404604F00DFC6889801B18BFB9
:105A6000012003B0BDE8F08301366B899E42F4D279
:105A70000123BA194946687803F076FF0028F3D06D
:105A8000EBE70026F1E70120EBE70000F8B504465C
:105A9000FFF7B6FC0546002842D12378032B37D107
:105AA0002779012F34D104F14C0601464FF40072DE
:105AB0003046FCF757FE55234122722184F84A32C2
:105AC000AA2304F50D7084F84F2084F84B3252233A
:105AD00084F8301284F84C3084F84D30612384F817
:105AE000311284F84E3084F83332A16984F83222BE
:105AF000FFF7E4FA616904F50E70FFF7DFFA626BF5
:105B00003B46314601326078A26403F02DFF2571D7
:105B100000226078114603F04BFF003818BF0120C7
:105B2000F8BD000000232DE9F0430B6085B00F465F
:105B30001546FFF71BFB061EC0F2B281804B53F8DF
:105B40002640002C00F0AE813C6005F0FE05237875
:105B50006BB1607803F0E2FEC70708D41DB110F006
:105B6000040500D00A25284605B0BDE8F0830023CF
:105B7000F0B22370607003F0BDFEC10700F19481A4
:105B80000DB14207EED400212046FFF779FC022830
:105B900040F099806E4604F2122304F252213246FC
:105BA00018461033FFF784FA42F8040B8B42F7D102
:105BB000002556F8041B00297DD02046FFF760FC25
:105BC000012879D80128A26C40F0C08004F1570365
:105BD00004F18C0113F8015B002D7BD18B42F9D1CC
:105BE000B4F8B430B3F5807F74D194F8B830092B91
:105BF00070D104F19400FFF75DFA4FF0FF331718EE
:105C000041F10001BB4275EB010363D304F1A00035
:105C1000FFF74EFA94F8BA302063012BA37059D1E4
:105C200094F8B99003FA09F91FFA89F36381002BFC
:105C300050D0444B04F1A800FFF73AFA06469842C8
:105C400048D8831C626304F1A400E362FFF730FAD2
:105C500000EB020804F19C00C4F84080FFF728FA2A
:105C600010441FFA89F2A06306FB02F313EB08034A
:105C700045EB05029F4271EB02032BD32E4604F144
:105C8000AC00FFF715FAE06365B96389B34221D927
:105C9000E16B2046FFF72AFA81192046FFF7D6FB71
:105CA00098B90136631993F84C30812B14D0203504
:105CB000C5F30805E8E703200135042D7FF479AF2B
:105CC000042807D101E0042801D101254BE7012870
:105CD0007FF678AF0D2546E705F1140004F14C0678
:105CE0003044FFF7E5F901280546F3D9E36A83421A
:105CF000F0D96189821E236C02FB01336364A16BBE
:105D0000204601EBD511FFF7A1FB0028DDD105F0FE
:105D10007F0006EB8000FFF7CBF9431C03D0013571
:105D2000A842ECD0D6E70425C4E90500064A257050
:105D300000251388E56101339BB21380E38012E7ED
:105D400034360020FDFFFF7F38360020B4F857308E
:105D5000B3F5007FBED1B4F8626026B904F17000DB
:105D6000FFF7A6F9064694F85C302663591EA37027
:105D70000129AFD894F859506581002DAAD0691E29
:105D80002942A7D1B4F85D8018F00F0FA4F808805D
:105D9000A0D1B4F85F0018B904F16C00FFF788F9DE
:105DA000B4F85A10002995D006FB03FE01EB181C2D
:105DB000F44460458ED3A0EB0C00A842B0FBF5F391
:105DC00088D33E48834285D84FF6F57083426DD91B
:105DD00003259F1C114402EB0C03032DE762626351
:105DE000A16323644CD1B4F8763053EA08037FF4FE
:105DF00071AFBB0004F17800FFF75AF9E06303F2DA
:105E0000FF13B6EB532FFFF465AF4FF0FF33032DB5
:105E1000C4E905334FF08003237187D1B4F87C3097
:105E2000012B83D1511C2046FFF710FB00287FF483
:105E30007DAFB4F84A224AF6552320719A427FF486
:105E400075AF1F4B04F14C00FFF732F998427FF415
:105E50006DAF03F1FF5304F50C70FFF729F903F55B
:105E60000053203398427FF461AF04F50D70FFF7C3
:105E70001FF9A06104F50E70FFF71AF9606155E78C
:105E8000B8F1000F3FF426AF7144022D4FEA4703EB
:105E9000E1631EBFD91907F0010303EB5103AEE71D
:105EA0000B2560E60C255EE603255CE640F6F575FD
:105EB000AB428CBF022501258BE700BFF5FFFF0F2A
:105EC000525261412DE9F84F07460568884649B9A5
:105ED0006E69C6B1EB6AB34298BF0126AB69A3B93C
:105EE000002405E0FFF76AFB0128044603D80124DB
:105EF0002046BDE8F88F421C00F0D280EB6A834256
:105F0000F6D84646EAE70126E8E72A78EB6A042A4B
:105F100040F08380A6F1020A023B4FF0010B9A4544
:105F200028BF4FF0000AD146696C284601EB1931B1
:105F3000FFF78CFA00283BD109F00703EA6AC9F39E
:105F4000C8010BFA03F3901EDBB26A184C4609F144
:105F5000010992F84C20814502EA030233BF5B003D
:105F600000234FF40071DBB228BF9946B2B9023466
:105F7000631E0333BCD80123214628461A46FFF787
:105F8000E1FA0228B3D0012800F08A80B8F1000FAE
:105F900013D10223FB710028A9D130E0CA450AD0F1
:105FA000002BD2D10131B1F5007FBDD20123CCE766
:105FB0004FF0FF34DCE70024DAE7FB79022B07D14E
:105FC000731CA342E7D0BB68F31ABB610323FB71C8
:105FD00008F10102FB69A24205D113B10133FB6153
:105FE000D9E70223FBE70BB90123FB6122464146B7
:105FF0003846FFF747FC00284FD10123FB61EA6ACE
:10600000AB69023A6C6193429CBF03F1FF33AB6111
:106010002B7943F001032B716AE7464514D1741CB8
:1060200038469C4228BF02242146FFF7C7FA0128C0
:106030003FF45DAF431C33D0E0B16B69012B03D952
:10604000EA6A934238BF1E4634460134EB6AA342E3
:1060500003D8012E7FF644AF022421463846FFF7CD
:10606000ADFA48B101283FF442AF013018D0B44234
:10607000EBD135E7002CE7D04FF0FF322146284620
:10608000FFF77CFB48B9B8F1000FB8D02246414673
:106090002846FFF773FB0028B1D001287FF427AF13
:1060A0004FF0FF3424E700002DE9F843066804466A
:1060B000076B894633782037042B0CBF4FF0805391
:1060C0004FF40013BB429CBF00238363836B73B107
:1060D000C7F30808B8F1000F3CD10133416B83636B
:1060E00039B93389B3EB571F34D80023A363042095
:1060F0000AE07389013B13EA57232BD1FFF75EFABD
:106100000128054602D80220BDE8F883421C01D1CF
:106110000120F9E7F36A834216D8B9F1000FE4D001
:10612000616B2046FFF7CEFE0546C8B10128EAD0D4
:10613000431CEDD001463046FFF752FC0028E7D162
:10614000E37943F00403E371294630466563FEF7C3
:10615000CDFFA0634C36002027634644E663D3E7B7
:106160000720D1E7F8B50E46002104460768FFF77F
:10617000BDFA98B90546A16B3846FFF767F968B9CB
:106180003A78E36B042A1B780CD11B060ED5054622
:1061900001212046FFF788FF0028ECD0042808BF23
:1061A000072006E0E52B01D0002BF0D10135B542E8
:1061B000EED1F8BDC16C4B1C2DE9F04104460568D9
:1061C000066B1FD1E5274FF00108A16B2846FFF7AA
:1061D0003DF998B92A78E36B042A09BF1A781F7031
:1061E00002F07F021A7085F80380236BB3420DD250
:1061F00000212046FFF758FF0028E6D0042808BFFA
:10620000022003E0FFF772FA0028DBD0BDE8F0813E
:106210002DE9F04105460068A96B0669FFF716F9FC
:10622000044620B9EB6B1A78852A03D00224204655
:10623000BDE8F081324603F1200153F8040B8B4294
:1062400042F8040BF9D1777801377F01A7F1600399
:10625000B3F5007FEAD800212846FFF725FF042880
:106260000446E3D00028E2D1A96B2868FFF7EEF8D6
:1062700004460028DBD1EB6B1A78C02AD6D106F190
:10628000200203F1200153F8040B8B4242F8040B67
:10629000F9D196F823300F222C33B3FBF2F3B7EB8E
:1062A000431FC3D34FF0400800212846FFF7FCFEF0
:1062B00004280446BAD00028B9D1A96B2868FFF792
:1062C000C5F804460028B2D1EB6B1A78C12AADD1CB
:1062D000B8F5187F09D206EB080203F1200153F844
:1062E000040B8B4242F8040BF9D108F12008474512
:1062F000DAD8B8F5187F9AD83046FEF71FFF7388B2
:10630000834294D092E700000B68002210B503602E
:1063100004460B6A83604B6AC261C37123F0FF03BA
:10632000896AC0E90432C164FFF7E0F920B9204668
:10633000BDE81040FFF76CBF10BD0000F8B5036862
:10634000054601271C692046FEF7F8FEA070000AEA
:106350006678E0702846E96CFFF7C8F920B102289A
:1063600028BF0220C0B2F8BDA96B2868FFF76EF8FD
:106370000028F4D1EB6B04F1200254F8041B944282
:1063800043F8041BF9D12B68DF70002EE7D0002101
:106390002846013EFFF788FEE0E700002DE9F843BC
:1063A0004FF0FF0806460768042445464FF6FF797C
:1063B000B16B11B9002C73D063E03846FFF746F893
:1063C000044600285DD1F06B0378002B6ED03A783C
:1063D000042A11D1852B4DD1336B3046F364FFF77E
:1063E00017FF044600284CD13B691B7903F03F039B
:1063F000B3712046BDE8F883C27AE52B02F03F0274
:10640000B27143D02E2B41D022F0200108293DD07B
:106410000F2A40D1590637D503F0BF05336B90F8EA
:106420000D80F364437B434530D1428B72BB0378CC
:106430000D21FC6823F04003DFF874E0013B4B437F
:1064400001211EF801CB30F80CC009B3FF2B1DD879
:1064500024F813C06146013301320D2AF1D10278CC
:10646000520605D521B1FF2B10D8002224F81320A5
:10647000013DEDB200213046FFF716FE044600282C
:1064800096D00023B363B4E7AB42CBD0FF25F1E74E
:10649000CC45E1D0FAE72DB9FEF740FE404501D1E9
:1064A0000024A6E74FF0FF33F364A2E70424E8E7F3
:1064B00020C800082DE9F04F002187B00446D0F82D
:1064C0000090FFF713F9804670B999F80030042B5B
:1064D00033D1D9F80C00FEF779FF07462046FFF7C5
:1064E0005DFF054620B18046404607B0BDE8F08F0D
:1064F000D9F810309A8CBA42F0D193F823B04026E4
:106500005D4506D1D9F80C3033F81530002BE5D1B4
:10651000EAE7F106D9F8103008BF0236985B01F0BF
:1065200051F8D9F80C30824633F8150001F04AF8DA
:106530008245D3D102360135E2E74FF0FF0A4FF032
:10654000FF3B5546C4F84CB0A16B4846FEF77EFFB2
:1065500000285CD1E66B3778002F77D0F27AE52FF0
:1065600002F03F03A37103D0120704D50F2B04D010
:10657000C4F84CB04FE00F2B54D194F84B30580670
:106580003FD4790645D5236B07F0BF0796F80DA0D9
:10659000E364737B53453ED1738B002B3BD135783D
:1065A0000121D9F80C3005F03F0501930D23013D81
:1065B0005D43284B13F8012BB25A71B3FF2D05939D
:1065C00029D81046049200F0FDFF6B1C0390029343
:1065D000019B33F8150000F0F5FF039981421AD1B1
:1065E000049A029D1146059B1B4A9342E2D13378DF
:1065F0005A0604D519B1019B33F815305BB97D1EDD
:10660000EDB200212046FFF74FFD00289CD08046C8
:106610006AE7BD42BDD0FF25F3E74FF6FF70824227
:10662000E2D0F8E72DB93046FEF778FD50453FF44B
:106630005BAF94F84B30DB079AD40B2204F1400196
:106640003046FAF71FF9002892D14DE74FF00408C1
:106650004AE700BF20C800082DC800082DE9F04F08
:1066600090F84BB099B004461BF0A00540F06C8147
:106670000668F26832F81530002B4AD13378042BC3
:1066800040F087800F230E352046B5FBF3F5A91C9B
:10669000FFF768FD8146002877D1236B0135A3EB16
:1066A0004515E3795A07E56435D523F00403204600
:1066B000E371FFF77DF950BB4FF0FF32616B20466D
:1066C000FFF7E0F818BBA3682BB3214604A8FFF737
:1066D0001BFEE0B970894FF40071D4E90423E0FB9C
:1066E00001233069C4E904233830FEF7EFFC306938
:1066F000D4E904232830FEF7E9FCE379326904A8E1
:1067000043F0010382F82130FFF718FE18B18146EB
:106710003BE00135AEE7D6E9035440220021204694
:10672000FCF720F88523012140222370C0234FF07D
:10673000C10C04EB010884F8203000231E469E465D
:10674000571C04F802C0F0B2023204F807E021B18D
:1067500035F8131009B10133DBB20F0AA15408F860
:1067600002700232D706F2D135F813700136002FCD
:10677000E6D184F82330831C28466370FEF726FE9A
:1067800084F82400000A84F82500484619B0BDE8C2
:10679000F08F04F140070DF1100A1BF0010F97E88C
:1067A00007008AE8070000F0D78040234FF0010877
:1067B00084F84B30BC46F368B8F1050F9AE807003F
:1067C000ACE803002CF8022B4FEA12428CF80020B0
:1067D0005DD9981E424630F8021F002946D10DF1BE
:1067E0000F0C072102F00F0E914612090EF1300036
:1067F000392888BF0EF1370001390CF8010902D0A1
:10680000B9F10F0FEED801F160037E200DEB03020A
:1068100002F8580C38460022914206D010F801CBFD
:1068200002F1010EBCF1200F33D104F13F0C072916
:1068300002F1010297BF01F16003202001310DEB4D
:10684000030098BF10F8580C072A0CF80200EED984
:106850002046FFF72FFE8146002878D108F1010875
:10686000B8F1640FA6D14FF007098EE74FF0100C76
:1068700001F0010E49080EEB4202D30344BF82F43B
:10688000883282F02102BCF1010CF1D1A3E742462B
:10689000A5E77246C0E7216B2046A1EB4511FEF744
:1068A00025FF814600287FF470AF4FF6FF78384609
:1068B000FEF734FC0190A16B3046FEF7C7FD814620
:1068C00000287FF462AFE36BE9B2019A4FF00D0C40
:1068D000D6F80CE05A734FF00F02DFF8E0A0DA723E
:1068E0004A1E18730CFB02F284469876D87640450F
:1068F0001AF8019B0CF1010C18BF3EF8120003EBD3
:10690000090B18BF013203F809004FEA10290028CB
:1069100008BF4046BCF10D0F8BF80190E7D1404510
:1069200002D03EF812200AB941F04001197001234B
:1069300000212046F370FFF7B7FB814600287FF463
:1069400024AF013DB7D11BE04FF006091DE7042835
:106950007FF41BAF84F84BB01BF0020F20461BBF27
:106960000C350D210125B5FBF1F518BF0135294680
:10697000FFF7F8FB814600287FF407AF013D8AD17D
:10698000A16B3046FEF762FD814600287FF4FDAE24
:1069900001462022E06BFBF7E5FEE36B03CF1860B6
:1069A0005960BA7839889A72198194F84B30E26B41
:1069B00003F0180313730123F370E6E620C8000800
:1069C00010B504460A463430FEF772FB886004F1C5
:1069D0003800FEF76FFBC2E9040194F8213003F0A0
:1069E0000203D3710023D36110BD000003284B8B39
:1069F00004BF8A8A43EA0243184670472DE9F04FE4
:106A00000B7899B0044689462F2BD0F800B001D0FE
:106A10005C2B09D14A461378914601322F2BFAD0CC
:106A20005C2BF8D0002301E0DBF81C30A3600023CE
:106A3000E3619BF80030042B1ED1A368E3B1DBF8BF
:106A40002030214604A82362DBF824306362DBF89F
:106A50002830A362FFF758FC0346002854D1DBF826
:106A6000102002F13800FEF723FBC4E9040392F87A
:106A7000213003F00203E37199F800301F2B00F27C
:106A8000358180230021204684F84B3019B0BDE8C1
:106A9000F04FFEF72BBE49460B78894601312F2B6C
:106AA000FAD05C2BF8D01F2B8CBF00250425012FBA
:106AB0002FD113882E2B31D1002322F8173004F167
:106AC00040029F428CBF2E21202101330B2B02F864
:106AD000011BF6D145F02005204684F84B50FFF706
:106AE000E9FC94F84B30002800F0E78004280BD133
:106AF000990603F0040240F1DC80002A00F0F680E1
:106B00008023002084F84B3019B0BDE8F08F0425B5
:106B1000CDE7022F02D153882E2BCAD0911E87BBFE
:106B2000002322F81730002F00F0118132F81300F3
:106B3000194601332028F9D009B92E2801D145F092
:106B40000305901E30F817302E2B01D0013FF9D1EC
:106B50004FF020334FF0000A6364D0462364C4F83A
:106B600047300823481C32F811600090F6B1202EFF
:106B700003D02E2E0DD1B84210D045F00305009958
:106B8000F0E731F81730202B01D02E2BC8D1013F70
:106B9000C5E79A4505D20099B9423BD10B2B30D1BC
:106BA00001E00B2B27D145F003050B2394F840207F
:106BB000E52A04BF052284F84020082B04BF4FEAD1
:106BC00088085FFA88F808F00C030C2B03D008F053
:106BD0000303032B01D145F00205A8073FF57CAF65
:106BE00018F0010F18BF45F0100518F0040F18BF7A
:106BF00045F0080570E70099B94202D045F0030559
:106C0000D4D84FEA88080B234FF0080A00975FFAA0
:106C100088F8B4E77F2E15D9304640F25231CDE9DD
:106C2000022345F00203019300F098FC10F0800F5E
:106C30000646DDE9022316D000F07F0646498E5D48
:106C4000019D46B331464548CDE90123FAF79AF84C
:106C5000DDE90123F8B9A6F1410189B219291ED84D
:106C600048F0020810E0FF28EAD9591E8A4503D3EC
:106C700045F003059A4682E704EB0A01000A0AF18F
:106C8000010A019D81F8400004EB0A010AF1010AA2
:106C900081F8406073E745F003055F26F4E7A6F14D
:106CA000610189B219299EBF203E48F00108B6B2A1
:106CB000EAE7002A08BF052026E75A073FF524AF78
:106CC000A379DB0645D59BF80000042835D1A368DD
:106CD0002146E27923622369DBF8100023F0FF03E9
:106CE00013436362E36CA362FFF76AFE2368002725
:106CF000DA6819F8010B00283FF409AF40F252316D
:106D0000009200F04BFC054608B31F28009A7FF65E
:106D1000FEAE2F283FF4BFAE5C283FF4BCAE7F2808
:106D200005D801460E48FAF72DF8009A78B9FF2FDA
:106D30000DD022F817500137DBE7216B0BF14C0324
:106D4000C1F308011944FFF751FEA060CEE7062009
:106D5000DAE60520D8E600BFA0C7000899C70008FA
:106D600090C700081FB5CDE9001003A81446039191
:106D7000FEF7FCF9002815DB0B4A52F820300BB166
:106D800000211970019B0BB10021197042F82030CD
:106D90002CB1002201A96846FEF7C4FE0446204635
:106DA00004B010BD0B24FAE7343600202DE9F0477B
:106DB00098B0904605460191002800F0528102F0FB
:106DC0003F0603A901A83246FEF7ACFE002840F0BA
:106DD0004681039B4FF48C60049303F03BFA074613
:106DE000002800F04081039B00F500720199D860F3
:106DF00004A81A61FFF702FE044620B99DF95B3032
:106E0000002BB8BF062418F01C0F00F0CD80002C1A
:106E10004CD0042C40D104A8FFF720FC04460028E5
:106E20003AD146F00806039B1A78042A40F0838082
:106E3000186929462B60FFF7C3FD039B1E22002122
:106E400018690230FBF78EFC039C00211A2220698E
:106E50002630FBF787FC236920221A71246903F08E
:106E600033FA0146012208342046FEF727F9039B36
:106E700004A81B6983F82120FFF760FA044658B97B
:106E8000A96801B302462846FEF714FDAB68039AD1
:106E90000446013B5361B4B1384603F0EBF90CB141
:106EA00000232B60204618B0BDE8F0879DF816300F
:106EB00013F0110F40F0848018F0040F40F0C980E7
:106EC00018F0080FAFD1039A31071399936C48BF9C
:106ED00046F04006E964AB641078042872D1069B42
:106EE0009DF817102B62089B106923F0FF030B43DA
:106EF00029466B62179BAB62FFF762FDDDF80CA0C1
:106F00000024002205F15008BAF806302146404618
:106F1000C5F800A0AB80002385F8306085F83140CB
:106F20006C64C5E90E234FF40072FBF71BFCB2063C
:106F300053D40024B0E703F0C7F90146009013983A
:106F40000E30FEF7BBF8139800991630FEF7B6F82E
:106F5000039C13992078FFF749FD202300228046E7
:106F6000CB7220461399FEF7CDF8139B0022012126
:106F70001A775A779A77DA77039BD970B8F1000FAE
:106F8000A1D0414604A8D3F84890FEF793FC0446EC
:106F9000002881D149460398FEF758FA039B04461E
:106FA00008F1FF30586176E7002C7FF475AF9DF84B
:106FB0001630DC064FD418F0020F84D0D80782D5E3
:106FC000072469E7FFF712FD0023A86001F11C0008
:106FD000FEF76EF86B61286190E7D5E9046956EA1F
:106FE0000903A6D0BAF80AA0A9684FEA4A2AC5E957
:106FF0000E69B24574EB09031BD300242964002CED
:107000007FF44AAFC6F30803002B92D0039C2046BE
:10701000FEF76CF808B3760A0123414646EAC956E2
:1070200082196A64607802F07BFC041E18BF012498
:1070300032E72846FEF7C2FAB6EB0A06014669F1C6
:107040000009012803D9431CD3D10124D6E7022427
:10705000D4E7082420E704241EE702241CE70446A2
:107060001EE709241EE711241CE700002DE9F04F5C
:10707000994685B00023884603A90446C9F8003024
:107080001646FEF78DF8054680BB94F831506DBB6F
:1070900094F8303013F00103009300F0A68004F15F
:1070A000500AD4E90432D4E90E011B1A62EB010242
:1070B000B34272F1000238BF1E46BEB1D4E90E10D1
:1070C000C1F30803002B40F08280039B5A894B0ACE
:1070D000013A43EAC0531A401BD151EA000309D1D7
:1070E000A06801280DD8022584F83150284605B043
:1070F000BDE8F08F216C20460192FEF75FFA019AFD
:10710000EFE7431C04D10123009D84F83130EDE703
:107110002064DDF80CB0216C5846FDF7E7FF00282D
:10712000E1D0B6F5007F02EB000731D3BBF80A10BF
:1071300002EB5620730A88429BF8010088BF8B1A25
:107140003A464146019302F0EBFB0028DBD194F96B
:107150003020019B002A0BDA606CC01B984207D2DA
:107160004FF40072514608EB4020FBF7D5FA019B23
:107170005F02D9F80030F61BB8443B44C9F8003030
:10718000D4E90E32DB1942F10002C4E90E3294E771
:10719000626CBA421AD094F93030002B0DDA012318
:1071A00051469BF8010002F0DFFB0028ABD194F8B8
:1071B000303003F07F0384F83030039801233A46DF
:1071C0005146407802F0ACFB00289CD16764A16B6B
:1071D0004046C1F30801C1F500775144B74228BFCA
:1071E00037463A46FBF798FAC3E707257EE70000E3
:1071F00070B596B00E460022019002A901A8FEF7D4
:1072000091FC0446E0B94FF48C6003F023F8054686
:10721000D8B1029B00F500720199D86002A81A61EA
:10722000FFF7ECFB044640B99DF95330002B0ADB15
:107230001EB1314602A8FDF7E9FF284603F01AF80F
:10724000204616B070BD0624F7E71124F8E70000C9
:1072500070B5B8B00222019003A901A8FEF762FC44
:10726000044608BB039B4FF48C60109302F0F2FFBE
:107270000546002866D0039B00F500720199D8608E
:1072800010A81A61FFF7BAFB044650B99DF88B307D
:10729000980655D4190653D49DF84630DA0706D51A
:1072A0000724284602F0E6FF204638B070BD039B55
:1072B00004931878042814D104A91869FFF780FBF7
:1072C000069E9DF84630DB0610D410A8FEF772FF2C
:1072D00004460028E5D156BB0398FEF7D7FB0446C9
:1072E000DFE71F99FFF782FB0646EAE7039BDA69AF
:1072F000B242D5D024930021269624A81B78042BD3
:1073000001BFDDE90823CDE928239DF817308DF86A
:107310009730FEF7EBF904460028C2D124A8FFF706
:107320003DF804460028BBD00428BAD1CDE7024678
:10733000314604A8FEF7BEFA04460028B1D1CBE7D7
:107340000624AEE71124AFE7F0B5BDB0CDE90010DB
:107350006846FDF70BFF022203A901A8FEF7E2FB36
:107360000446002841D1039B4FF48C60149302F033
:1073700071FF0546002800F0EE80039B00F50072C7
:1073800014AE0199D8601A613046FFF737FB044606
:1073900040BB9DF89B3013F0A00F40F0D880039BBA
:1073A000009F1A78042A68D11B6904AC03F1400CD1
:1073B0001868083353F8041C2246634503C2144678
:1073C000F6D15022314628A8FBF7A6F9394628A85D
:1073D000FFF714FB044600284CD12A9A169B9A42C8
:1073E00006D00824284602F045FF20463DB0F0BDF7
:1073F000349A209B9A42F4D128A8FFF72FF904462B
:107400000028EFD1039B04AF1B6993F801E093F8C8
:1074100023C09C8C3A46083303CAB24243F8080C96
:1074200043F8041C1746F5D1039B28A81B6983F871
:1074300001E0039B1A6982F823C01A6982F824408C
:10744000240A82F825401A691379D9065CBF43F0F3
:1074500020031371FEF772FF04460028C2D13046A4
:10746000FEF7A8FE04460028BCD10398FEF70EFBE9
:107470000446B7E70428B5D1BEE7239A04AB02F16E
:10748000200C1068083252F8041C1C46624503C4E4
:107490002346F6D15022314628A8FBF73DF939465C
:1074A00028A8FFF7ABFA044600284CD12A9A169B6D
:1074B0009A4296D1349A209B9A4292D128A8FFF7FB
:1074C000CDF8044600288DD137990DF11D030DF13B
:1074D0002D0001F10D0253F8044B834242F8044B96
:1074E000F9D11888012710809B7893709DF81B3084
:1074F000039CDA0658BF43F02003CB72E770CB7AC7
:10750000DB06ACD5169A2A9B9A42A8D02078FFF7C2
:107510006DFA01462046FDF7E9FD0146C8B1204657
:10752000FDF794FF044600287FF45CAF039890F8C1
:107530006D302E2B93D12A9A00F16C01FDF7E2FDFC
:10754000039BDF708BE704287FF44CAFB6E706247B
:1075500048E7022446E7112447E700007F2810B5DA
:1075600001D880B210BDB0F5803F13D240F2523343
:1075700099420FD10849002231F8024B93B284425C
:1075800003D103F18000C0B2ECE70132802AF3D1CD
:107590001346F6E70020E5E7E0CA00087F280DD98A
:1075A00040F25233994208D1FF2806D800F100403A
:1075B000034B803833F8100070470020704700BF3D
:1075C000E0CA0008B0F5803FF0B522D21F4A83B26E
:1075D0001F49B0F5805F28BF0A46141D34F8042CFB
:1075E0002146AAB1934213D334F8025C2E0AEFB2BB
:1075F00052FA85F5A84222DA082E09D8DFE806F00B
:10760000050A10121416181A1C00801A34F81030CB
:107610001846F0BD981A00F001001B1A9BB2F7E75C
:10762000103BFBE7203BF9E7303BF7E71A3BF5E778
:107630000833F3E7503BF1E7A3F5E353EEE70434F7
:10764000002ECBD101EB4702C7E700BF30C80008CE
:1076500024CA000808B5074B074A196801F03D0124
:10766000996053680BB190689847BDE8084003F0F3
:1076700021B800BF000002403C36002008B5084B8E
:107680001968890901F03D018A019A60054AD368A9
:107690000BB110699847BDE8084003F00BB800BF74
:1076A000000002403C36002008B5084B1968090C60
:1076B00001F03D010A049A60054A53690BB19069D3
:1076C0009847BDE8084002F0F5BF00BF0000024047
:1076D0003C36002008B5084B1968890D01F03D01C2
:1076E0008A059A60054AD3690BB1106A9847BDE8CC
:1076F000084002F0DFBF00BF000002403C3600201F
:1077000008B5074B074A596801F03D01D960536A33
:107710000BB1906A9847BDE8084002F0CBBF00BFAC
:10772000000002403C36002008B5084B5968890922
:1077300001F03D018A01DA60054AD36A0BB1106B92
:107740009847BDE8084002F0B5BF00BF0000024006
:107750003C36002008B5084B5968090C01F03D0182
:107760000A04DA60054A536B0BB1906B9847BDE889
:10777000084002F09FBF00BF000002403C360020DE
:1077800008B5084B5968890D01F03D018A05DA609A
:10779000054AD36B0BB1106C9847BDE8084002F066
:1077A00089BF00BF000002403C36002008B5074BEF
:1077B000074A196801F03D019960536C0BB1906C58
:1077C0009847BDE8084002F075BF00BF00040240C2
:1077D0003C36002008B5084B1968890901F03D01C5
:1077E0008A019A60054AD36C0BB1106D9847BDE8C9
:1077F000084002F05FBF00BF000402403C3600209A
:1078000008B5084B1968090C01F03D010A049A609B
:10781000054A536D0BB1906D9847BDE8084002F0E2
:1078200049BF00BF000402403C36002008B5084BA9
:107830001968890D01F03D018A059A60054AD36DEA
:107840000BB1106E9847BDE8084002F033BF00BF8F
:10785000000402403C36002008B5074B074A59682F
:1078600001F03D01D960536E0BB1906E9847BDE8B1
:10787000084002F01FBF00BF000402403C36002059
:1078800008B5084B5968890901F03D018A01DA60A1
:10789000054AD36E0BB1106F9847BDE8084002F05F
:1078A00009BF00BF000402403C36002008B5084B69
:1078B0005968090C01F03D010A04DA60054A536F6A
:1078C0000BB1906F9847BDE8084002F0F3BE00BFCF
:1078D000000402403C36002008B5084B5968890D69
:1078E00001F03D018A05DA60054AD36F13B1D2F881
:1078F00080009847BDE8084002F0DCBE000402406A
:107900003C36002000230C4910B51A460B4C0B6086
:1079100054F82300026001EB430004334260402B23
:10792000F6D1074A4FF0FF339360D360C2F80834B2
:10793000C2F80C3410BD00BF3C360020E0CB00087C
:10794000000002400F28F8B510D9102810D01128D7
:1079500011D0122808D10F240720DFF8C8E0012633
:10796000DEF80050A04208D9002653E00446F4E7B0
:107970000F240020F1E70724FBE706FA00F73D4259
:107980004AD1264C4FEA001C3D4304EB00160EEB97
:10799000C000CEF80050C0E90123FBB273B120480B
:1079A000D0F8D83043F00103C0F8D830D0F8003117
:1079B00043F00103C0F80031D0F8003117F47F4FD5
:1079C0000ED01748D0F8D83043F00203C0F8D830B2
:1079D000D0F8003143F00203C0F80031D0F8003194
:1079E00054F80C00036823F01F030360056815F0CA
:1079F0000105FBD104EB0C033D2493F80CC05F6838
:107A000004FA0CF43C6021240560446112B1987BB7
:107A100000F060FC3046F8BD0130A3E7E0CB000881
:107A2000004402583C36002010B5302484F31188FD
:107A3000FFF788FF002383F3118810BD10B50446BB
:107A4000807B00F05DFC01231549627B03FA02F2A2
:107A50000B6823EA0203DAB20B6072B9114AD2F85A
:107A6000D81021F00101C2F8D810D2F8001121F08D
:107A70000101C2F80011D2F8002113F47F4F0ED19A
:107A8000084BD3F8D82022F00202C3F8D820D3F84C
:107A9000002122F00202C3F80021D3F8003110BD0A
:107AA0003C3600200044025808B5302383F3118887
:107AB000FFF7C4FF002383F3118808BD836CC26AFB
:107AC0008B42506810B506D95A1E4C0002EB410398
:107AD000B3FBF4F3184410BD01F001038A0748BF5B
:107AE00043F002034A0748BF43F008030A0748BFB0
:107AF00043F00403CA0648BF43F010038A06426BF2
:107B000048BF43F0200313434363704710B5074C4D
:107B1000204600F061FF064B0022C4E91023054B0C
:107B2000A364054BE363054BE36410BDC03600203E
:107B30000070005200B4C40414370020143900202F
:107B4000C36A0BB9104BC3620379012B11D10F4BE0
:107B500098420ED10E4BD3F8D42042F48032C3F8B1
:107B6000D420D3F8FC2042F48032C3F8FC20D3F8B0
:107B7000FC30436C00221A65DA621A605A605A625D
:107B80004FF0FF329A637047E0CC0008C036002007
:107B9000004402580379012B1BD0436C00221A6564
:107BA000DA621A605A605A624FF0FF329A63094BE8
:107BB00098420ED1084BD3F8D42022F48032C3F877
:107BC000D420D3F8FC2022F48032C3F8FC20D3F870
:107BD000FC307047C03600200044025810B5446C99
:107BE0000649FFF76BFF6060236842F2107043F0B4
:107BF00003032360BDE8104001F0F4BC801A0600C6
:107C00000129F8B5466C0B4F09D175680A493D400A
:107C1000FFF754FF054345F480557560F8BD74685F
:107C200006493C40FFF74AFF044344F48054746023
:107C3000F4E700BF00ECFFFF80F0FA0240787D011E
:107C4000436C00225A601A6070470000426C0129A0
:107C5000536823F4404304D0022905D001B953608E
:107C6000704743F48043FAE743F40043F7E700002A
:107C7000436C41F480519A60D9605A6B1206FCD56E
:107C800080229A637047000010B541F48851446C1B
:107C9000A260E160616B11F04502FBD0A26311F0BC
:107CA000040203D0FFF718FF012010BD61691046E0
:107CB0001960FAE710B541F48851446CA260E160A4
:107CC000616B11F04502FBD0A26311F0050203D0F5
:107CD000FFF702FF012010BD616910461960FAE745
:107CE00073B5134604460E46302282F31188426C67
:107CF000D26B32B14FF0FF314030019301F07EFC86
:107D0000019B606C00220265C263C262456B15F480
:107D1000807504D185F31188012002B070BD4FF049
:107D2000FF31816382F31188012E06D90C21204690
:107D300002B0BDE87040FFF7BDBF1046EDE70000A0
:107D400073B5446C0E4600250192616BA1632565F5
:107D5000E562FFF7C1FE012E07D9019B2A460C21DF
:107D600002B0BDE87040FFF7A5BF02B070BD0000D3
:107D700010B541F49851446CA260E160616B11F060
:107D80004502FBD0A26311F03F0203D0FFF7A4FE2F
:107D9000012010BD216A10461960E1695960A1698E
:107DA00099606169D960F4E72DE9F74304460191D0
:107DB000006D01A91746984602F0A4FB064600286C
:107DC0004AD0626C2046DDF804905568C5F3090579
:107DD00001356B00A56CB5FBF3F54FF47A73B5FB79
:107DE000F3F55D43556200F0BDFD50BB636C4FF091
:107DF000FF3201254146C3F8589020461D659A631D
:107E00004FF49572DA6342F207029F62DA62E36C22
:107E10000A9AFFF74FFFA0B9E26C104B11680B40B4
:107E20007BB929462046FFF75BFF054648B92E4639
:107E30003A460199206D02F09DFB304603B0BDE843
:107E4000F0833A460199206D02F094FBE26C012127
:107E50002046FFF775FFF0E70126EEE708E0FFFD9B
:107E60002DE9F7431F46436C01924FF47A725D6827
:107E700004468846C5F3090501356E00856CB5FBDF
:107E8000F6F5B5FBF2F555435D6200F06BFD20B1F0
:107E90000125284603B0BDE8F0837E0201A9206DCC
:107EA000324602F02FFB05460028F1D0636C019AA0
:107EB000D4F84C909A6501221A654FF0FF329A630C
:107EC0004FF49572DA639E62236BDB064B4658BF14
:107ED0004FEA4828012F42461BD912212046FFF7BE
:107EE000E9FEC0B9D9F80020104B13409BB9636C70
:107EF00042F2930239462046DA62E26CFFF7F0FE66
:107F0000804640B932460199206D454602F032FB69
:107F1000BFE71121E2E732460199206D02F02AFB0A
:107F2000E26C39462046FFF70BFFB2E708E0FFFDA1
:107F30002DE9F3411F46436C01924FF47A725D685C
:107F400004468846C5F3090501356E00856CB5FB0E
:107F5000F6F5B5FBF2F555435D6200F003FD20B187
:107F60000125284602B0BDE8F0817E0201A9206DFE
:107F7000324602F00DFB05460028F1D0636C019AF1
:107F80009A6501221A654FF0FF329A634FF48D72A1
:107F9000DA639E62236BE66CDB06334658BF4FEA1A
:107FA0004828012F424619D919212046FFF782FEA1
:107FB000B0B932680F4B134093B9636C42F291022F
:107FC00039462046DA62E26CFFF78AFE064638B987
:107FD00001993546206D02F017FBC2E71821E4E74E
:107FE0000199206D02F010FBE26C39462046FFF744
:107FF000A7FEB6E708E0FFFD12F0030F2DE9F04100
:1080000007460C4615461E4617D00E44B44202D110
:108010000020BDE8F0810123FA6B21463846FFF7C6
:108020001FFF0028F5D128464FF40072F96B05F5C3
:1080300000750134FAF770FBE8E7BDE8F041FFF79F
:108040000FBF000012F0030F2DE9F04107460C4668
:1080500015461E4617D00E44B44202D10020BDE89A
:10806000F08129464FF40072F86B05F50075FAF7B8
:1080700053FB0123FA6B21463846FFF759FF0028CE
:10808000EDD10134E8E7BDE8F041FFF751BF000052
:1080900000207047302310B583F311880024436C0F
:1080A00040302146DC6301F0B7FA84F3118810BD3B
:1080B000026843681143016003B11847704700002C
:1080C000024A136843F0C003136070470078004011
:1080D00013B50E4C204600F0DFFC04F11400002321
:1080E0004FF400720A49009400F07AF9094B4FF4FA
:1080F0000072094904F13800009400F0F3F9074ACE
:10810000074BC4E9172302B010BD00BF1839002087
:1081100084390020C1800008843B002000780040A2
:1081200000E1F505037C30B5244C002918BF0C464E
:10813000012B11D1224B98420ED1224BD3F8E820CB
:1081400042F08042C3F8E820D3F8102142F0804288
:10815000C3F81021D3F810312268036EC16D03EB10
:1081600052038466B3FBF2F36268150442BF23F046
:10817000070503F0070343EA4503CB60A36843F018
:1081800040034B60E36843F001038B6042F4967355
:1081900043F001030B604FF0FF330B62510505D52F
:1081A00012F0102205D0B2F1805F04D080F8643064
:1081B00030BD7F23FAE73F23F8E700BFE8CC000893
:1081C00018390020004402582DE9F047C66D0546D5
:1081D0003768F469210734621AD014F0080118BF17
:1081E0004FF48071E20748BF41F02001A3074FF030
:1081F000300348BF41F04001600748BF41F08001B3
:1082000083F31188281DFFF753FF002383F31188A0
:10821000E2050AD5302383F311884FF48061281DCD
:10822000FFF746FF002383F311884FF030094FF02A
:10823000000A14F0200838D13B0616D54FF030095B
:1082400005F1380A200610D589F31188504600F050
:108250007DF9002836DA0821281DFFF729FF27F0CD
:1082600080033360002383F31188790614D56206F6
:1082700012D5302383F31188D5E913239A4208D10C
:108280002B6C33B127F040071021281DFFF710FF9A
:108290003760002383F31188E30618D5AA6E1369AB
:1082A000ABB15069BDE8F047184789F31188736A8C
:1082B000284695F86410194000F008FC8AF31188EC
:1082C000F469B6E7B06288F31188F469BAE7BDE8EB
:1082D000F0870000090100F16043012203F56143CA
:1082E000C9B283F8001300F01F039A4043099B00B2
:1082F00003F1604303F56143C3F880211A607047BE
:1083000000F01F0301229A40430900F160409B00E6
:1083100000F5614003F1604303F56143C3F8802039
:10832000C3F88021002380F800337047F8B5154664
:10833000826804460B46AA4200D28568A169266974
:10834000761AB5420BD218462A46FAF7E5F9A36920
:108350002B44A3612846A3685B1BA360F8BD0CD91E
:10836000AF1B18463246FAF7D7F93A46E16830446F
:10837000FAF7D2F9E3683B44EBE718462A46FAF7E6
:10838000CBF9E368E5E7000083689342F7B504465C
:10839000154600D28568D4E90460361AB5420BD27E
:1083A0002A46FAF7B9F963692B4463612846A36842
:1083B0005B1BA36003B0F0BD0DD93246AF1B01912A
:1083C000FAF7AAF901993A46E0683144FAF7A4F9B4
:1083D000E3683B44E9E72A46FAF79EF9E368E4E7F5
:1083E00010B50A440024C361029B8460C16002612D
:1083F0000362C0E90000C0E9051110BD08B5D0E96D
:108400000532934201D1826882B98268013282606A
:108410005A1C426119700021D0E904329A4224BFEB
:10842000C368436101F012F9002008BD4FF0FF302E
:10843000FBE7000070B5302304460E4683F3118835
:10844000A568A5B1A368A269013BA360531CA36101
:1084500015782269934224BFE368A361E3690BB1F5
:1084600020469847002383F31188284607E03146C9
:10847000204601F0DBF80028E2DA85F3118870BDB0
:108480002DE9F74F04460E4617469846D0F81C9043
:108490004FF0300A8AF311884FF0000B154665B192
:1084A0002A4631462046FFF741FF034660B9414660
:1084B000204601F0BBF80028F1D0002383F3118897
:1084C000781B03B0BDE8F08FB9F1000F03D0019025
:1084D0002046C847019B8BF31188ED1A1E448AF38E
:1084E0001188DCE7C160C361009B82600362C0E960
:1084F00005111144C0E9000001617047F8B5044658
:108500000D461646302383F31188A768A7B1A368E8
:10851000013BA36063695A1C62611D70D4E9043297
:108520009A4224BFE3686361E3690BB12046984730
:10853000002080F3118807E03146204601F076F8EC
:108540000028E2DA87F31188F8BD0000D0E905239E
:1085500010B59A4201D182687AB98268002101324D
:1085600082605A1C82611C7803699A4224BFC368E6
:10857000836101F06BF8204610BD4FF0FF30FBE740
:108580002DE9F74F04460E4617469846D0F81C9042
:108590004FF0300A8AF311884FF0000B154665B191
:1085A0002A4631462046FFF7EFFE034660B94146B2
:1085B000204601F03BF80028F1D0002383F3118816
:1085C000781B03B0BDE8F08FB9F1000F03D0019024
:1085D0002046C847019B8BF31188ED1A1E448AF38D
:1085E0001188DCE70379052B05BF836A0020012091
:1085F0004B6004BF4FF400730B60704770B55D1E95
:10860000866A04460D44B54205D9436B43F08003A6
:108610004363012070BD06250571FFF7EDFC0523BE
:108620002371F7E770B55D1E866A04460D44B542B6
:1086300005D9436B43F080034363012070BD0725D8
:108640000571FFF7FFFC05232371F7E738B50579BE
:108650000446052D05D108230371FFF719FD257187
:1086600038BD0120FCE700000323F0B5037185B09D
:108670000446FFF7B3FA002220461146FFF7F8FA46
:108680004FF4D57203AB08212046FFF713FB0246D7
:10869000B8B901232363039BC3F30323012B09D13F
:1086A00003AB37212046FFF705FB18B9A44B039A0B
:1086B0001340ABB120460125FFF7C2FA0223237114
:1086C00037E103AB002237212046FFF7F3FA28B940
:1086D0009B4A039B1A40002A00F0A78002232363D1
:1086E000236B03F00F03022B40F0A9806425954E05
:1086F00042F2107000F076FF03AB324601212046B3
:10870000FFF7C2FA0028D5D1039B002B80F293809B
:108710005A0003D5236B43F010032363002204F1B6
:10872000080302212046FFF723FB02460028C1D19F
:1087300004F1380303212046FFF7BCFA0028B9D121
:1087400004F11805A26B092120462B46FFF710FB08
:108750000028AFD102ABA26B07212046FFF7AAFA8F
:1087600006460028A6D1236B03F00F03022B40F02E
:108770008F807E227F21284603F0EEF9012840F207
:108780008780E76B42F2107000F02CFF08234FF453
:108790000072394620460096FFF706FB002889D173
:1087A000384603F027FA236BA06203F00F03022B75
:1087B00072D103AB644A06212046FFF77BFA0028FA
:1087C00071D15F49039B1940B1FA81F149092046F3
:1087D000FFF716FA02AB4FF4007210212046FFF7A4
:1087E00069FA054600287FF465AF554E029B334277
:1087F0007FF460AF236B13F00E0F03F00F0273D002
:10880000022A7FF457AFE36A1978012900F09480B7
:10881000022900F09380002900F089804B4F204608
:10882000FFF714FA03AB3A4676E01146204622637E
:10883000FFF71EFA54E7013D7FF45AAF3AE7444D83
:108840006426444A3E4F012B18BF154603AB002255
:1088500037212046FFF72EFA00287FF42BAF039B29
:108860003B427FF427AF03AB2A4629212046FFF77E
:108870000BFA00287FF41EAF039B002BFFF648AFD6
:10888000013E3FF417AF42F2107000F0ABFEDDE79F
:10889000284603F083F986E77E227F212846E66B8F
:1088A00003F05AF908B9002191E70023402231462C
:1088B000204600930623FFF777FA0028F3D1B38907
:1088C0005BBA9B07EFD5244B4022314620460093EC
:1088D0000623FFF769FA0028E5D1317C01F00F018A
:1088E0000F3918BF012172E7E36A1978F9B101293C
:1088F0007FF4E0AE2046FFF7A9F903ABA26B372166
:108900002046FFF7D7F900287FF4D4AE039B33420B
:108910007FF4D0AE03AB022206212046FFF7CAF94E
:1089200000287FF4C7AE039B33427FF4C3AE052318
:108930002371284605B0F0BD084F70E7084F6EE779
:1089400008E0FFFD0080FFC00001B9030000B7038D
:108950000080FF5000001080F1FFFF800001B7038E
:108960000002B70337B504460C4D01ABA26B0D21D5
:108970002046FFF79FF978B9019B2B420BD1C3F337
:108980004323042B08D0053B022B04D84FF47A7004
:1089900000F028FEE9E7012003B030BD08E0FFFD4C
:1089A00070B53023054683F3118803790024022B28
:1089B00003D184F31188204670BD0423037184F32E
:1089C00011880226FFF7CEFF04462846FFF738F944
:1089D0002E71F0E7FFF79AB8044B0360012303718F
:1089E00000234363C0E90A33704700BF00CD00088D
:1089F00010B53023044683F31188C162FFF7A0F855
:108A000002230020237180F3118810BD10B530239C
:108A1000044683F31188FFF7BDF800230122E362C7
:108A2000227183F3118810BD02684368114301600D
:108A300003B11847704700001430FFF721BD000054
:108A40004FF0FF331430FFF71BBD00003830FFF745
:108A500097BD00004FF0FF333830FFF791BD0000A5
:108A60001430FFF7E7BC00004FF0FF311430FFF780
:108A7000E1BC00003830FFF741BD00004FF0FF328D
:108A80003830FFF73BBD0000012914BF6FF0130021
:108A900000207047FFF71CBB044B036000234360BA
:108AA000C0E9023301230374704700BF24CD0008DE
:108AB00010B53023044683F31188FFF733FB0223FC
:108AC0000020237480F3118810BD000038B5C369FD
:108AD00004460D461BB904210844FFF7A5FF2946AB
:108AE00004F11400FFF78AFC002806DA201D4FF479
:108AF0000061BDE83840FFF797BF38BD02684368A2
:108B00001143016003B118477047000013B5406B73
:108B100000F58054D4F8A4381A681178042914D1C7
:108B2000017C022911D11979012312898B4013424A
:108B30000BD101A94C3002F03DFFD4F8A448024605
:108B4000019B2179206800F0DFF902B010BD000020
:108B5000143002F0BFBE00004FF0FF33143002F0BB
:108B6000B9BE00004C3002F091BF00004FF0FF335F
:108B70004C3002F08BBF0000143002F08DBE0000BC
:108B80004FF0FF31143002F087BE00004C3002F08D
:108B90005DBF00004FF0FF324C3002F057BF0000C5
:108BA0000020704710B500F58054D4F8A4381A6836
:108BB0001178042917D1017C022914D15979012394
:108BC00052898B4013420ED1143002F01FFE024630
:108BD00048B1D4F8A4484FF4407361792068BDE8E7
:108BE000104000F07FB910BD406BFFF7DBBF000005
:108BF000704700007FB5124B012504260446036030
:108C00000023057400F1840243602946C0E9023361
:108C10000C4B0290143001934FF44073009602F015
:108C2000D1FD094B04F69442294604F14C0002940C
:108C3000CDE900634FF4407302F098FE04B070BDBC
:108C40004CCD0008E98B00080D8B00080A68302322
:108C500083F311880B790B3342F823004B791333DC
:108C600042F823008B7913B10B3342F8230000F54F
:108C70008053C3F8A41802230374002080F31188E2
:108C80007047000038B5037F044613B190F85430A4
:108C9000ABB90125201D0221FFF730FF04F11400BC
:108CA0006FF00101257700F0DDFC04F14C0084F841
:108CB00054506FF00101BDE8384000F0D3BC38BD1E
:108CC00010B5012104460430FFF718FF0023237775
:108CD00084F8543010BD000038B504460025143027
:108CE00002F088FD04F14C00257702F057FE201DAC
:108CF00084F854500121FFF701FF2046BDE83840B9
:108D0000FFF750BF90F8803003F06003202B06D1AE
:108D100090F881200023212A03D81F2A06D800209A
:108D20007047222AFBD1C0E91D3303E0034A4267A2
:108D300007228267C3670120704700BF3C220020E2
:108D400037B500F58055D5F8A4381A68117804298C
:108D50001AD1017C022917D11979012312898B407C
:108D6000134211D100F14C04204602F0D7FE58B155
:108D700001A9204602F01EFED5F8A4480246019B38
:108D80002179206800F0C0F803B030BD01F10B0379
:108D9000F0B550F8236085B004460D46FEB130238F
:108DA00083F3118804EB8507301D0821FFF7A6FE29
:108DB000FB6806F14C005B691B681BB1019002F077
:108DC00007FE019803A902F0F5FD024648B1039B96
:108DD0002946204600F098F8002383F3118805B057
:108DE000F0BDFB685A691268002AF5D01B8A013B66
:108DF0001340F1D104F18002EAE70000133138B5E5
:108E000050F82140ECB1302383F3118804F58053EE
:108E1000D3F8A4281368527903EB8203DB689B69BB
:108E20005D6845B104216018FFF768FE294604F12A
:108E3000140002F0F5FC2046FFF7B4FE002383F394
:108E4000118838BD7047000001F032BD0123402277
:108E5000002110B5044600F8303BF9F783FC0023ED
:108E6000C4E9013310BD000010B53023044683F37C
:108E700011882422416000210C30F9F773FC204650
:108E800001F038FD02230020237080F3118810BD0B
:108E900070B500EB8103054650690E461446DA6052
:108EA00018B110220021F9F75DFCA06918B1102259
:108EB0000021F9F757FC31462846BDE8704001F023
:108EC0001FBE000083682022002103F0011310B5AB
:108ED000044683601030F9F745FC2046BDE8104099
:108EE00001F09ABEF0B4012500EB810447898D4062
:108EF000E4683D43A469458123600023A260636068
:108F0000F0BC01F0B7BE0000F0B4012500EB810415
:108F100007898D40E4683D4364690581236000232F
:108F2000A2606360F0BC01F02DBF000070B50223A9
:108F300000250446242203702946C0F888500C30CE
:108F400040F8045CF9F70EFC204684F8705001F0FC
:108F50006BFD63681B6823B129462046BDE870405D
:108F6000184770BD0378052B10B504460AD080F869
:108F70008C300523037043681B680BB104219847AC
:108F80000023A36010BD00000178052906D190F8E8
:108F90008C20436802701B6803B1184770470000BB
:108FA00070B590F87030044613B1002380F870302B
:108FB00004F18002204601F053FE63689B68B3B958
:108FC00094F8803013F0600535D00021204602F07F
:108FD00045F90021204602F035F963681B6813B19A
:108FE000062120469847062384F8703070BD20463D
:108FF00098470028E4D0B4F88630A26F9A4288BF20
:10900000A36794F98030A56F002B4FF0300380F2F6
:109010000381002D00F0F280092284F8702083F390
:10902000118800212046D4E91D23FFF76DFF00239E
:1090300083F31188DAE794F8812003F07F0343EA91
:10904000022340F20232934200F0C58021D8B3F5EA
:10905000807F48D00DD8012B3FD0022B00F09380A9
:10906000002BB2D104F1880262670222A267E36793
:10907000C1E7B3F5817F00F09B80B3F5407FA4D1B9
:1090800094F88230012BA0D1B4F8883043F0020369
:1090900032E0B3F5006F4DD017D8B3F5A06F31D0E3
:1090A000A3F5C063012B90D86368204694F8822012
:1090B0005E6894F88310B4F88430B047002884D0F8
:1090C000436863670368A3671AE0B3F5106F36D08F
:1090D00040F6024293427FF478AF5C4B6367022311
:1090E000A3670023C3E794F88230012B7FF46DAFB0
:1090F000B4F8883023F00203A4F88830C4E91D5581
:10910000E56778E7B4F88030B3F5A06F0ED194F836
:109110008230204684F88A3001F0E4FC63681B68E2
:1091200013B1012120469847032323700023C4E98B
:109130001D339CE704F18B0363670123C3E72378A6
:10914000042B10D1302383F311882046FFF7BAFE99
:1091500085F311880321636884F88B5021701B68A4
:109160000BB12046984794F88230002BDED084F86B
:109170008B300423237063681B68002BD6D0022138
:1091800020469847D2E794F8843020461D0603F025
:109190000F010AD501F056FD012804D002287FF402
:1091A00014AF2B4B9AE72B4B98E701F03DFDF3E70B
:1091B00094F88230002B7FF408AF94F8843013F0D9
:1091C0000F01B3D01A06204602D502F05FF8ADE7D2
:1091D00002F050F8AAE794F88230002B7FF4F5AE45
:1091E00094F8843013F00F01A0D01B06204602D55E
:1091F00002F034F89AE702F025F897E7142284F891
:10920000702083F311882B462A4629462046FFF713
:1092100069FE85F31188E9E65DB1152284F87020B6
:1092200083F3118800212046D4E91D23FFF75AFE5D
:10923000FDE60B2284F8702083F311882B462A4622
:1092400029462046FFF760FEE3E700BF7CCD00081B
:1092500074CD000878CD000838B590F87030044619
:10926000002B3ED0063BDAB20F2A34D80F2B32D86F
:10927000DFE803F037313108223231313131313119
:1092800031313737856FB0F886309D4214D2C368CC
:109290001B8AB5FBF3F203FB12556DB9302383F340
:1092A00011882B462A462946FFF72EFE85F31188A2
:1092B0000A2384F870300EE0142384F870303023D1
:1092C00083F31188002320461A461946FFF70AFE49
:1092D000002383F3118838BDC36F03B1984700237F
:1092E000E7E70021204601F0B9FF0021204601F008
:1092F000A9FF63681B6813B106212046984706231F
:10930000D7E7000010B590F870300446142B29D030
:1093100017D8062B05D001D81BB110BD093B022B75
:10932000FBD80021204601F099FF0021204601F0E2
:1093300089FF63681B6813B10621204698470623FE
:1093400019E0152BE9D10B2380F87030302383F31B
:10935000118800231A461946FFF7D6FD002383F330
:109360001188DAE7C3689B695B68002BD5D1C36FAE
:1093700003B19847002384F87030CEE70023826859
:1093800080F8243083691B6899689142FBD25A683F
:1093900003604260106058607047000000238268DC
:1093A00080F8243083691B6899689142FBD85A6819
:1093B00003604260106058607047000008B50846BE
:1093C000302383F3118891F82430032B05D0042B2C
:1093D0000DD02BB983F3118808BD8B6A00221A6067
:1093E0004FF0FF338362FFF7C9FF0023F2E7D1E9B3
:1093F000003213605A60F3E7034610B51B689842C9
:1094000003D09C688A689442F8D25A680B604A601C
:109410001160596010BD0000FFF7B0BF064BD9685E
:1094200081F824001868026853601A600122D8602D
:1094300080F82420F7F78AB8883D00200C4B30B51F
:10944000DD684B1C87B004460FD02B46094A68469E
:1094500000F09CF92046FFF7E1FF009B13B168463E
:1094600000F09EF9A86A07B030BDFFF7D7FFF9E713
:10947000883D0020BD930008044B1A68DB689068A3
:109480009B68984294BF002001207047883D0020CF
:10949000094B10B51C68D868226853601A60012215
:1094A000DC6084F82420FFF779FF01462046BDE800
:1094B0001040F7F74BB800BF883D0020044B1A68F6
:1094C000DB6892689B689A4201D9FFF7E1BF704759
:1094D000883D002038B50123084C002523706560C5
:1094E00002F0B6FB02F0DCFB0549064802F0B2FCD4
:1094F0000223237085F3118838BD00BF304000205F
:1095000084CD0008883D002000F080B9034A5168EE
:1095100053685B1A9842FBD8704700BF001000E008
:109520008B604B630023CA6100F128020B630223A6
:109530000A618B840123886181F8263001F11003D0
:10954000C26A4A611360C36201F12C030846CB6210
:1095500070470000D0E90131026841F8183CA1F1E0
:109560009C033839CB60036941F8243C436941F8D6
:10957000203C034B41F8043CC3680248FFF7D0BFCE
:1095800065050008883D002008B5FFF7E3FFBDE84A
:109590000840FFF741BF000038B50E4BDC6804F10E
:1095A0002C05A062E06AA8420FD194F826303BB99E
:1095B00094F825309B0702BFD4E9043213605A6047
:1095C0000F20BDE83840FFF729BF0368E362FFF7CB
:1095D00023FFE7E7883D0020302383F31188FFF75E
:1095E000DBBF000008B50146302383F31188082053
:1095F000FFF724FF002383F3118808BD054BDB68C8
:1096000021B1036098620320FFF718BF4FF0FF30CD
:10961000704700BF883D002003682BB10022026024
:1096200018469962FFF7F8BE70470000064BDB68EA
:1096300039B1426818605A60136043600420FFF734
:10964000FDBE4FF0FF307047883D00200368984210
:1096500006D01A680260506018469962FFF7DCBEB7
:109660007047000038B504460D462068844200D19A
:1096700038BD036823605C608562FFF7CDFEF4E7C8
:10968000036810B59C68A2420CD85C688A600B60C5
:109690004C602160596099688A1A9A604FF0FF33D4
:1096A000836010BD121B1B68ECE700000A2938BF5D
:1096B0000A2170B504460D460A26601902F0C2FA66
:1096C00002F0AAFA041BA54203D8751C04462E46D4
:1096D000F3E70A2E04D90120BDE8704002F082BCF5
:1096E00070BD0000F8B5144B0D460A2A4FF00A076A
:1096F000D96103F11001826038BF0A224160196903
:109700001446016048601861A81802F08BFA02F054
:1097100083FA431B0646A34206D37C1C281927461E
:10972000354602F08FFAF2E70A2F04D90120BDE88E
:10973000F84002F057BCF8BD883D0020F8B5064659
:109740000D4602F069FA0F4A134653F8107F9F4204
:1097500006D12A4601463046BDE8F840FFF7C2BFB1
:10976000D169BB68441A2C1928BF2C46A34202D9E0
:109770002946FFF79BFF224631460348BDE8F840E3
:10978000FFF77EBF883D0020983D0020C0E90323FD
:10979000002310B45DF8044B4361FFF7CFBF000016
:1097A00010B5194C236998420DD08168D0E9003278
:1097B00013605A609A680A449A60002303604FF06D
:1097C000FF33A36110BD0268234643F8102F536096
:1097D0000022026022699A4203D1BDE8104002F0E3
:1097E0002BBA936881680B44936002F015FA2269E2
:1097F000E1699268441AA242E4D91144BDE81040DC
:10980000091AFFF753BF00BF883D00202DE9F0473C
:10981000DFF8BC8008F110072C4ED8F8105002F089
:10982000FBF9D8F81C40AA68031B9A423ED814449E
:109830004FF00009D5E90032C8F81C4013605A60A7
:10984000C5F80090D8F81030B34201D102F0F4F915
:1098500089F31188D5E9033128469847302383F3EB
:1098600011886B69002BD8D002F0D6F96A69A0EB99
:10987000040982464A450DD2022002F0B3FB0022C1
:10988000D8F81030B34208D151462846BDE8F04719
:10989000FFF728BF121A2244F2E712EB0909294602
:1098A000384638BF4A46FFF7EBFEB5E7D8F8103028
:1098B000B34208D01444C8F81C00211AA960BDE8BE
:1098C000F047FFF7F3BEBDE8F08700BF983D0020EA
:1098D000883D002038B502F09FF9054AD2E90845D5
:1098E000031B181945F10001C2E9080138BD00BF8A
:1098F000883D002010B560B9074804790368053C2D
:109900009B6818BF0124984708B144F0040420461E
:1099100010BD0124FBE700BFC0360020FFF7EABFFF
:109920002DE9F047884617469A460446B0B90D4ED1
:109930003579052D05D003240DE0013D15F0FF0517
:109940000ED03268534639463046D2F8149042461B
:10995000C8470028F1D12046BDE8F0870424FAE783
:109960000124F8E7C03600202DE9F0478846174665
:109970009A460446B0B90D4E3579052D05D003241D
:109980000DE0013D15F0FF050ED032685346394613
:109990003046D2F818904246C8470028F1D12046F8
:1099A000BDE8F0870424FAE70124F8E7C036002078
:1099B00037B50C46154670B951B101290BD107488E
:1099C000694603681B6A984710B9019B04462B60DF
:1099D000204603B030BD0424FAE700BFC0360020A3
:1099E00000207047FEE70000704700004FF0FF3096
:1099F000704700004B6843608B688360CB68C3602E
:109A00000B6943614B6903628B6943620B680360B6
:109A10007047000008B53C4B40F2FF713B48D3F85B
:109A200088200A43C3F88820D3F8882022F4FF62F4
:109A300022F00702C3F88820D3F88820D3F8E0206A
:109A40000A43C3F8E020D3F808210A43C3F80821E9
:109A50002F4AD3F808311146FFF7CCFF00F580609C
:109A600002F11C01FFF7C6FF00F5806002F138012A
:109A7000FFF7C0FF00F5806002F15401FFF7BAFF65
:109A800000F5806002F17001FFF7B4FF00F580601F
:109A900002F18C01FFF7AEFF00F5806002F1A80132
:109AA000FFF7A8FF00F5806002F1C401FFF7A2FFF5
:109AB00000F5806002F1E001FFF79CFF00F5806097
:109AC00002F1FC01FFF796FF02F58C7100F5806052
:109AD000FFF790FF01F072FC0E4BD3F8902242F09A
:109AE0000102C3F89022D3F8942242F00102C3F895
:109AF00094220522C3F898204FF06052C3F89C20AE
:109B0000054AC3F8A02008BD0044025800000258CE
:109B100098CD000800ED00E01F00080308B501F033
:109B20003DFEFFF7D7FC104BD3F8DC2042F040029B
:109B3000C3F8DC20D3F8042122F04002C3F804214A
:109B4000D3F80431094B1A6842F008021A601A6807
:109B500042F004021A6000F05FFD00F03FFBBDE838
:109B6000084000F0B5B800BF004402580018024891
:109B700001207047002070477047000002290CD078
:109B8000032904D00129074818BF00207047032A81
:109B900005D8054800EBC200704704487047002014
:109BA000704700BFA4CF00084C22002058CF000807
:109BB00070B59AB005460846144601A900F0C2F8EF
:109BC00001A8F8F7C7FD431C0022C6B25B0010468F
:109BD000C5E9003423700323023404F8013C01ABCF
:109BE000D1B202348E4201D81AB070BD13F8011BF5
:109BF000013204F8010C04F8021CF1E708B5302327
:109C000083F311880348FFF79BF8002383F311883F
:109C100008BD00BF3840002090F8803003F01F02DC
:109C2000012A07D190F881200B2A03D10023C0E933
:109C30001D3315E003F06003202B08D1B0F8843009
:109C40002BB990F88120212A03D81F2A04D8FFF7C6
:109C500059B8222AEBD0FAE7034A42670722826703
:109C6000C3670120704700BF4322002007B50529C4
:109C700017D8DFE801F0191603191920302383F3F0
:109C80001188104A01210190FFF702F90198022181
:109C90000D4AFFF7FDF80D48FFF71EF8002383F388
:109CA000118803B05DF804FB302383F31188074863
:109CB000FEF7E8FFF2E7302383F311880348FEF74D
:109CC000FFFFEBE7F8CE00081CCF0008384000206B
:109CD00038B50C4D0C4C2A460C4904F10800FFF72E
:109CE00067FF05F1CA0204F110000949FFF760FFA0
:109CF00005F5CA7204F118000649BDE83840FFF7BF
:109D000057BF00BF105900204C220020CCCE0008C5
:109D1000D6CE0008ECCE000870B5044608460D46C5
:109D2000F8F718FDC6B22046013403780BB918467F
:109D300070BD32462946F8F7F9FC0028F3D101201E
:109D4000F6E700002DE9F84F05460C46F8F702FD4E
:109D50002B49C6B22846FFF7DFFF2A492846FFF7FE
:109D6000DBFF08B11036F6B2632E0DD8DFF8908015
:109D7000DFF89090244FDFF898A0DFF898B02E78A5
:109D800046B92670BDE8F88F29462046BDE8F84F51
:109D9000F7F75EB8252E2ED1072241462846F8F760
:109DA000C5FC70B9DBF800300735073444F8073CD0
:109DB000BBF8043024F8033C9BF8063004F8013C5F
:109DC000DDE7082249462846F8F7B0FC98B9A21CFE
:109DD0000E4B197802320909C95D02F8041C13F808
:109DE000011B01F00F015345C95D02F8031CF0D1BE
:109DF00018340835C3E7013504F8016BBFE700BF2D
:109E0000C4CF0008ECCE0008D4CF000800E8F11F52
:109E10000CE8F11FCCCF0008BFF34F8F044B1A6939
:109E20005107FCD1D3F810215207F8D1704700BF79
:109E30000020005208B50D4B1B78ABB9FFF7ECFFC3
:109E40000B4BDA68D10704D50A4A5A6002F188320E
:109E50005A60D3F80C21D20706D5064AC3F804216C
:109E600002F18832C3F8042108BD00BF6E5B0020F8
:109E7000002000522301674508B5114B1B78F3B948
:109E8000104B1A69510703D5DA6842F04002DA60D4
:109E9000D3F81021520705D5D3F80C2142F0400227
:109EA000C3F80C21FFF7B8FF064BDA6842F0010255
:109EB000DA60D3F80C2142F00102C3F80C2108BD8E
:109EC0006E5B0020002000520F289ABF00F58060D2
:109ED00040040020704700004FF40030704700003D
:109EE000102070470F2808B50BD8FFF7EDFF00F5DD
:109EF00000330268013204D104308342F9D10120D9
:109F000008BD0020FCE700000F2838B505463FD803
:109F1000FFF782FF1F4CFFF78DFF4FF0FF3307283D
:109F20006361C4F814311DD82361FFF775FF030284
:109F300043F02403E360E36843F08003E3602369B4
:109F40005A07FCD42846FFF767FFFFF7BDFF4FF421
:109F5000003100F09BFA2846FFF78EFFBDE838403D
:109F6000FFF7C0BFC4F81031FFF756FFA0F1080398
:109F70001B0243F02403C4F80C31D4F80C3143F035
:109F80008003C4F80C31D4F810315B07FBD4D9E757
:109F9000002038BD002000522DE9F84F04460D4640
:109FA000104644EA0203DE0602D00020BDE8F88F26
:109FB00020F01F00DFF8D4B0DFF8D4A0FFF73AFF9D
:109FC00005EB0008454503D10120FFF755FFEDE7FC
:109FD000202229462046F6F755FC10B920342035BA
:109FE000F0E7234604F120021F68791CDDD1043319
:109FF0009342F9D104F178432048214EB3F5801FF4
:10A00000204B38BF184603F1F80332BFD946D1467A
:10A010001E46FFF701FF0760A4EB050C336805F14E
:10A020001C0143F0020333602B1FD9F8007017F0B6
:10A030000507FAD153F8042F8B424CF80320F4D1D2
:10A04000BFF34F8FFFF7E8FE4FF0FF330360336835
:10A0500023F002033360BFF34F8F0B4BC3F85C4216
:10A06000BFF34F8FBFF36F8F202229462046F6F7AC
:10A0700009FC0028B2D03846A7E700BF14210052DF
:10A080000C2000521420005200ED00E0102000527D
:10A090001021005210B5084C237828B11BB9FFF7E6
:10A0A000C9FE0123237010BD002BFCD02070BDE839
:10A0B0001040FFF7E1BE00BF6E5B00202DE9F04FBE
:10A0C0000D4685B0814658B111F00D0614BF20220F
:10A0D000082211F00803019304D0431E034269D003
:10A0E000002435E0002E37D009F11F0121F01F09AF
:10A0F0004FF00108314F05F00403DFF8CCA005EA6A
:10A10000080BBBF1000F32D07869C0072FD408F1DB
:10A1100001080C37B8F1060FF3D19EB9284D494616
:10A12000A819019201F0DEFD0446002839D120363D
:10A13000019AA02EF3D1494601F0D4FD044600282F
:10A140002FD1019A49461F4801F0CCFD044660BB5F
:10A15000204605B0BDE8F08F0029C9D10146284648
:10A16000029201F0BFFD0446D8B9029AC0E713B1CC
:10A1700078694107CBD5AC0702D578698007C6D589
:10A18000019911B178690107C1D549460AEB481018
:10A19000CDE9022301F0A6FD0446DDE902230028F3
:10A1A000B5D04A460021204601E04A460021F8F792
:10A1B000D9FACDE70246002E96D199E7E8CF0008FC
:10A1C000B05B0020705B0020905B00200021FFF757
:10A1D00075BF00000121FFF771BF000000231A4680
:10A1E00070B51A600433B3F5806FFAD1104D0124B5
:10A1F000104E06EB441001342A6955F80C1F01F08B
:10A200005DFD062CF5D137254FF4C0542046FFF7ED
:10A21000E1FF014628B122460748BDE8704001F041
:10A220004DBDC4EBC404013D4FEAD404EED170BD72
:10A23000E8CF0008905B0020705B00200421FFF74E
:10A240003DBF00004843FFF7C1BF000008B101F067
:10A25000BBBD7047B0F5805F10B5044607D8FFF767
:10A26000EDFF28B92046BDE81040FFF7AFBF002042
:10A2700010BD0000FFF7EABF70B5AAB140EA0103C4
:10A2800013F01F030FD1094C0144A5686D0706D5D3
:10A290002568A84203D366683544A94204D903332C
:10A2A0000C34122BF1D10022104670BDE8CF00080B
:10A2B00008B501F09FFE034AD2E90032C01842EB14
:10A2C000010108BD505C0020434BD3E900232DE978
:10A2D000F34113437CD0FFF7EBFF404A00230027F4
:10A2E000F6F74EF906460D463D4A0023F6F748F9C3
:10A2F0000023144630462946394AF6F741F94FF40F
:10A3000061613C23ADF80170B4FBF1F5B4FBF3F6E9
:10A3100001FB154103FB16464624B1FBF3F1314B1B
:10A32000F6B28DF8004098423CD84FF0640C4FF4E0
:10A33000C87EA30704F26C7225D1B2FBFCF30CFBC0
:10A34000132313BBB2FBFEF30EFB1322B2FA82F30C
:10A350005B0903F26D18621C8045D2B217D90FB1A8
:10A360008DF800400022204C4FF00C0C17460CFBDF
:10A370000343D4B2013213F804C084450CD8A0EBD7
:10A380000C000127F5E70023E3E70123E1E7A0EB59
:10A39000080014460127CCE70FB18DF80140431C9B
:10A3A0008DF802309DF80100431C9DF800005038E4
:10A3B000400640EA43509DF8023040EA034040EA3C
:10A3C000560040EAC52040EA411002B0BDE8F081E5
:10A3D0004FF40410F9E700BF505C002040420F002A
:10A3E0008051010090230B0030D000080244074B3D
:10A3F000D2B210B5904200D110BD441C00B253F847
:10A40000200041F8040BE0B2F4E700BF50400058D0
:10A410000E4B30B51C6F240405D41C6F1C671C6FD9
:10A4200044F400441C670A4C02442368D2B243F44B
:10A4300080732360074B904200D130BD441C51F81B
:10A44000045B00B243F82050E0B2F4E70044025845
:10A45000004802585040005807B5012201A90020C9
:10A46000FFF7C4FF019803B05DF804FB13B5044681
:10A47000FFF7F2FFA04205D0012201A900200194BC
:10A48000FFF7C6FF02B010BD704700000144BFF3E4
:10A490004F8F064B884204D3BFF34F8FBFF36F8FAC
:10A4A0007047C3F85C022030F4E700BF00ED00E025
:10A4B0000144BFF34F8F064B884204D3BFF34F8F45
:10A4C000BFF36F8F7047C3F870022030F4E700BF0E
:10A4D00000ED00E070B5054616460C46012010213F
:10A4E000FFF7B0FE286046733CB1204636B1FFF757
:10A4F000A5FE2B68186000B19C6070BDFFF76AFE76
:10A50000F7E70000F8B50F461546044648B905F1CF
:10A510001F010126386821F01F01FFF7B7FF304601
:10A52000F8BD427B29463868FFF7A6FE064600289C
:10A53000EDD13B686360A368AB4210D213B12068D1
:10A54000FFF784FE637B28462BB1FFF777FE206080
:10A5500020B9A060E3E7FFF73DFEF8E7A5602068BB
:10A5600005F11F01012621F01F013860FFF78EFF62
:10A570002673D4E710B5044640B10068884205D17F
:10A58000606808B1F8F7C8F80023237310BD000015
:10A59000F8B50F461446054648B904F11F010126D7
:10A5A000386821F01F01FFF783FF3046F8BD427B7A
:10A5B00021463868FFF760FE06460028EDD1AB68FB
:10A5C000A34210D213B12868FFF740FE6B7B2046F0
:10A5D0002BB1FFF733FE286020B9A860E5E7FFF74D
:10A5E000F9FDF8E7AC60396819B122462868F8F738
:10A5F00093F8286804F11F01012621F01F0138603B
:10A60000FFF756FF2E73D0E720B103688B4204BFDB
:10A610000023037370470000034B1A681AB9034AFA
:10A62000D2F8D0241A607047585C002000400258CD
:10A6300008B5FFF7F1FF024B1868C0F3806008BD52
:10A64000585C0020EFF30983054968334A6B22F018
:10A6500001024A6383F30988002383F3118870475A
:10A6600000EF00E0302080F3118862B60D4B0E4AF7
:10A67000D96821F4E0610904090C0A430B49DA6046
:10A68000D3F8FC2042F08072C3F8FC20084AC2F8DC
:10A69000B01F116841F0010111602022DA7783F8C0
:10A6A0002200704700ED00E00003FA0555CEACC56E
:10A6B000001000E0302310B583F311880E4B5B6867
:10A6C00013F4006314D0F1EE103AEFF309844FF065
:10A6D0008073683CE361094BDB6B236684F3098874
:10A6E000FEF7CAFE10B1064BA36110BD054BFBE798
:10A6F00083F31188F9E700BF00ED00E000EF00E010
:10A70000770500087A05000870B5BFF34F8FBFF3D7
:10A710006F8F1A4A0021C2F85012BFF34F8FBFF358
:10A720006F8F536943F400335361BFF34F8FBFF30F
:10A730006F8FC2F88410BFF34F8FD2F8803043F68A
:10A74000E074C3F3C900C3F34E335B0103EA0406AC
:10A75000014646EA81750139C2F86052F9D2203BC0
:10A7600013F1200FF2D1BFF34F8F536943F48033BD
:10A770005361BFF34F8FBFF36F8F70BD00ED00E0EB
:10A78000FEE70000214B2248224A70B5904237D3A1
:10A79000214BC11EDA1C121A22F003028B4238BF71
:10A7A00000220021F7F7DEFF1C4A0023C2F88430A4
:10A7B000BFF34F8FD2F8803043F6E074C3F3C90083
:10A7C000C3F34E335B0103EA0406014646EA817592
:10A7D0000139C2F86C52F9D2203B13F1200FF2D1AB
:10A7E000BFF34F8FBFF36F8FBFF34F8FBFF36F8FE9
:10A7F0000023C2F85032BFF34F8FBFF36F8F70BD8D
:10A8000053F8041B40F8041BC0E700BF2CD100081C
:10A81000545E0020545E0020545E002000ED00E0F5
:10A82000074BD3F8D81021EA0001C3F8D810D3F8A9
:10A83000002122EA0002C3F80021D3F8003170475A
:10A840000044025870B5D0E9244300224FF0FF3590
:10A850009E6804EB42135101D3F80009002805DA81
:10A86000D3F8000940F08040C3F80009D3F8000B8A
:10A87000002805DAD3F8000B40F08040C3F8000B45
:10A88000013263189642C3F80859C3F8085BE0D256
:10A890004FF00113C4F81C3870BD0000890141F06D
:10A8A0002001016103699B06FCD41220FEF72EBE35
:10A8B00010B50A4C2046FEF7C9FA094BC4F890308F
:10A8C000084BC4F89430084C2046FEF7BFFA074BFB
:10A8D000C4F89030064BC4F8943010BD5C5C002086
:10A8E000000008406CD00008F85C00200000044024
:10A8F00078D0000870B503780546012B5CD1434B36
:10A90000D0F89040984258D1414B0E216520D3F8A1
:10A91000D82042F00062C3F8D820D3F8002142F0DA
:10A920000062C3F80021D3F80021D3F8802042F060
:10A930000062C3F88020D3F8802022F00062C3F8C0
:10A940008020D3F88030FDF7C5FC324BE360324BFA
:10A95000C4F800380023D5F89060C4F8003EC02346
:10A9600023604FF40413A3633369002BFCDA012343
:10A970000C203361FEF7CAFD3369DB07FCD41220DB
:10A98000FEF7C4FD3369002BFCDA00262846A660DA
:10A99000FFF758FF6B68C4F81068DB68C4F81468E8
:10A9A000C4F81C6883BB1D4BA3614FF0FF33636188
:10A9B000A36843F00103A36070BD194B9842C9D14D
:10A9C000134B4FF08060D3F8D82042F00072C3F8E8
:10A9D000D820D3F8002142F00072C3F80021D3F848
:10A9E0000021D3F8802042F00072C3F88020D3F811
:10A9F000802022F00072C3F88020D3F88030FFF767
:10AA00000FFF0E214D209EE7064BCDE75C5C00203A
:10AA1000004402584014004003002002003C30C0B3
:10AA2000F85C0020083C30C0F8B5D0F890400546EE
:10AA300000214FF000662046FFF730FFD5F8941054
:10AA400000234FF001128F684FF0FF30C4F8343804
:10AA5000C4F81C2804EB431201339F42C2F800697A
:10AA6000C2F8006BC2F80809C2F8080BF2D20B68F2
:10AA7000D5F89020C5F898306362102313611669E9
:10AA800016F01006FBD11220FEF740FDD4F8003876
:10AA900023F4FE63C4F80038A36943F4402343F071
:10AAA0001003A3610923C4F81038C4F814380B4B01
:10AAB000EB604FF0C043C4F8103B094BC4F8003BB7
:10AAC000C4F81069C4F80039D5F8983003F11002C1
:10AAD00043F48013C5F89820A362F8BD48D000085D
:10AAE00040800010D0F8902090F88A10D2F80038FA
:10AAF00023F4FE6343EA0113C2F8003870470000F4
:10AB00002DE9F84300EB8103D0F890500C468046C5
:10AB1000DA680FFA81F94801166806F00306731E19
:10AB2000022B05EB41134FF0000194BFB604384EE1
:10AB3000C3F8101B4FF0010104F1100398BF06F198
:10AB4000805601FA03F3916998BF06F50046002983
:10AB50003AD0578A04F15801374349016F50D5F86C
:10AB60001C180B430021C5F81C382B180127C3F80B
:10AB70001019A7405369611E9BB3138A928B9B08DF
:10AB8000012A88BF5343D8F89820981842EA034313
:10AB900001F140022146C8F89800284605EB8202E0
:10ABA0005360FFF77BFE08EB8900C3681B8A43EA0A
:10ABB000845348341E4364012E51D5F81C381F437A
:10ABC000C5F81C78BDE8F88305EB4917D7F8001BDA
:10ABD00021F40041C7F8001BD5F81C1821EA030333
:10ABE000C0E704F13F030B4A2846214605EB8303E7
:10ABF0005A60FFF753FE05EB4910D0F8003923F4F3
:10AC00000043C0F80039D5F81C3823EA0707D7E716
:10AC10000080001000040002D0F894201268C0F8F0
:10AC20009820FFF70FBE00005831D0F8903049014E
:10AC30005B5813F4004004D013F4001F0CBF022033
:10AC4000012070474831D0F8903049015B5813F427
:10AC5000004004D013F4001F0CBF022001207047F5
:10AC600000EB8101CB68196A0B6813604B68536075
:10AC70007047000000EB810330B5DD68AA691368F6
:10AC8000D36019B9402B84BF402313606B8A1468CA
:10AC9000D0F890201C4402EB4110013C09B2B4FBF7
:10ACA000F3F46343033323F0030343EAC44343F061
:10ACB000C043C0F8103B2B6803F00303012B0ED1F7
:10ACC000D2F8083802EB411013F4807FD0F8003B33
:10ACD00014BF43F0805343F00053C0F8003B02EB35
:10ACE0004112D2F8003B43F00443C2F8003B30BDB0
:10ACF0002DE9F041D0F8906005460C4606EB411373
:10AD0000D3F8087B3A07C3F8087B08D5D6F814387F
:10AD10001B0704D500EB8103DB685B689847FA07E3
:10AD20001FD5D6F81438DB071BD505EB8403D9688B
:10AD3000CCB98B69488A5A68B2FBF0F600FB162240
:10AD40008AB91868DA6890420DD2121AC3E9002451
:10AD5000302383F3118821462846FFF78BFF84F3C5
:10AD60001188BDE8F081012303FA04F26B8923EA1C
:10AD700002036B81CB68002BF3D021462846BDE847
:10AD8000F041184700EB81034A0170B5DD68D0F847
:10AD900090306C692668E66056BB1A444FF4002078
:10ADA000C2F810092A6802F00302012A0AB20ED181
:10ADB000D3F8080803EB421410F4807FD4F800099C
:10ADC00014BF40F0805040F00050C4F8000903EB7D
:10ADD0004212D2F8000940F00440C2F800090122F2
:10ADE000D3F8340802FA01F10143C3F8341870BDF6
:10ADF00019B9402E84BF4020206020681A442E8A52
:10AE00008419013CB4FBF6F440EAC44040F0005021
:10AE1000C6E700002DE9F843D0F8906005460C46DF
:10AE20004F0106EB4113D3F8088918F0010FC3F85E
:10AE300008891CD0D6F81038DB0718D500EB810341
:10AE4000D3F80CC0DCF81430D3F800E0DA6896458B
:10AE500030D2A2EB0E024FF000091A60C3F8049042
:10AE6000302383F31188FFF78DFF89F3118818F0E1
:10AE7000800F1DD0D6F834380126A640334217D0B3
:10AE800005EB84030134D5F89050D3F80CC0E4B23C
:10AE90002F44DCF8142005EB0434D2F800E05168AC
:10AEA000714514D3D5F8343823EA0606C5F834685A
:10AEB000BDE8F883012303FA01F2038923EA0203C0
:10AEC0000381DCF80830002BD1D09847CFE7AEEBF8
:10AED0000103BCF81000834228BF0346D7F81809C5
:10AEE00080B2B3EB800FE3D89068A0F1040959F861
:10AEF000048FC4F80080A0EB09089844B8F1040F4F
:10AF0000F5D818440B4490605360C8E72DE9F84F1A
:10AF1000D0F8905004466E69AB691E4016F4805814
:10AF20006E6103D0BDE8F84FFEF700B8002E12DACC
:10AF3000D5F8003E9B0705D0D5F8003E23F003036B
:10AF4000C5F8003ED5F80438204623F00103C5F8C3
:10AF50000438FEF719F8370505D52046FFF772FCCF
:10AF60002046FDF7FFFFB0040CD5D5F8083813F0E4
:10AF7000060FEB6823F470530CBF43F4105343F4F3
:10AF8000A053EB6031071BD56368DB681BB9AB6965
:10AF900023F00803AB612378052B0CD1D5F8003ED4
:10AFA0009A0705D0D5F8003E23F00303C5F8003E0C
:10AFB0002046FDF7E9FF6368DB680BB12046984740
:10AFC000F30200F1BA80B70226D5D4F8909000279A
:10AFD0004FF0010A09EB4712D2F8003B03F440237B
:10AFE000B3F5802F11D1D2F8003B002B0DDA628926
:10AFF0000AFA07F322EA0303638104EB8703DB68A1
:10B00000DB6813B13946204698470137D4F89430AD
:10B01000FFB29B689F42DDD9F00619D5D4F89000A5
:10B02000026AC2F30A1702F00F0302F4F012B2F53B
:10B03000802F00F0CA80B2F5402F09D104EB8303C2
:10B04000002200F58050DB681B6A974240F0B08018
:10B050003003D5F8185835D5E90303D5002120462B
:10B06000FFF746FEAA0303D501212046FFF740FE65
:10B070006B0303D502212046FFF73AFE2F0303D5C9
:10B0800003212046FFF734FEE80203D504212046C1
:10B09000FFF72EFEA90203D505212046FFF728FE63
:10B0A0006A0203D506212046FFF722FE2B0203D5B4
:10B0B00007212046FFF71CFEEF0103D5082120469B
:10B0C000FFF716FE700340F1A780E90703D50021C2
:10B0D0002046FFF79FFEAA0703D501212046FFF770
:10B0E00099FE6B0703D502212046FFF793FE2F0739
:10B0F00003D503212046FFF78DFEEE0603D504217C
:10B100002046FFF787FEA80603D505212046FFF756
:10B1100081FE690603D506212046FFF77BFE2A063D
:10B1200003D507212046FFF775FEEB0574D52046B1
:10B130000821BDE8F84FFFF76DBED4F890904FF0AE
:10B14000000B4FF0010AD4F894305FFA8BF79B683C
:10B150009F423FF638AF09EB4713D3F8002902F4BA
:10B160004022B2F5802F20D1D3F80029002A1CDA22
:10B17000D3F8002942F09042C3F80029D3F80029FF
:10B18000002AFBDB3946D4F89000FFF787FB2289C1
:10B190000AFA07F322EA0303238104EB8703DB683F
:10B1A0009B6813B13946204698470BF1010BCAE75B
:10B1B000910701D1D0F80080072A02F101029CBF5B
:10B1C00003F8018B4FEA18283FE704EB830300F5EF
:10B1D0008050DA68D2F818C0DCF80820DCE9001CDE
:10B1E000A1EB0C0C00218F4208D1DB689B699A68A7
:10B1F0003A449A605A683A445A6029E711F0030FBA
:10B2000001D1D0F800808C4501F1010184BF02F822
:10B21000018B4FEA1828E6E7BDE8F88F08B5034828
:10B22000FFF774FEBDE80840FFF744BA5C5C0020FD
:10B2300008B50348FFF76AFEBDE80840FFF73ABAD1
:10B24000F85C0020D0F8903003EB4111D1F8003BBE
:10B2500043F40013C1F8003B70470000D0F8903071
:10B2600003EB4111D1F8003943F40013C1F8003960
:10B2700070470000D0F8903003EB4111D1F8003B4B
:10B2800023F40013C1F8003B70470000D0F8903061
:10B2900003EB4111D1F8003923F40013C1F8003950
:10B2A00070470000064BD3F8DC200243C3F8DC20D3
:10B2B000D3F804211043C3F80401D3F804317047D4
:10B2C0000044025808B53C4B4FF0FF31D3F88020C2
:10B2D00062F00042C3F88020D3F8802002F00042E0
:10B2E000C3F88020D3F88020D3F88420C3F88410DA
:10B2F000D3F884200022C3F88420D3F88400D86FC8
:10B3000040F0FF4040F4FF0040F4DF4040F07F0099
:10B31000D867D86F20F0FF4020F4FF0020F4DF4012
:10B3200020F07F00D867D86FD3F888006FEA4050CC
:10B330006FEA5050C3F88800D3F88800C0F30A00C1
:10B34000C3F88800D3F88800D3F89000C3F89010B1
:10B35000D3F89000C3F89020D3F89000D3F894006D
:10B36000C3F89410D3F89400C3F89420D3F8940051
:10B37000D3F89800C3F89810D3F89800C3F8982031
:10B38000D3F89800D3F88C00C3F88C10D3F88C0055
:10B39000C3F88C20D3F88C00D3F89C00C3F89C1021
:10B3A000D3F89C10C3F89C20D3F89C30FCF7AAFA81
:10B3B000BDE8084000F0C2B90044025808B50122B7
:10B3C000534BC3F80821534BD3F8F42042F0020248
:10B3D000C3F8F420D3F81C2142F00202C3F81C2168
:10B3E0000222D3F81C314C4BDA605A689104FCD528
:10B3F0004A4A1A6001229A60494ADA6000221A61B8
:10B400004FF440429A61444B9A699204FCD51A6801
:10B4100042F480721A603F4B1A6F12F4407F04D0DE
:10B420004FF480321A6700221A671A6842F001024C
:10B430001A60384B1A685007FCD500221A611A6945
:10B4400012F03802FBD1012119604FF080415960A0
:10B450005A67344ADA62344A1A611A6842F480320E
:10B460001A602C4B1A689103FCD51A6842F480527A
:10B470001A601A689204FCD52C4A2D499A6200225F
:10B480005A63196301F57C01DA6301F2E7119963EC
:10B490005A64284A1A64284ADA621A6842F0A852A2
:10B4A0001A601C4B1A6802F02852B2F1285FF9D1D9
:10B4B00048229A614FF48862DA6140221A621F4A78
:10B4C000DA641F4A1A651F4A5A651F4A9A65322371
:10B4D0001E4A1360136803F00F03022BFAD10D4AC2
:10B4E000136943F003031361136903F03803182B46
:10B4F000FAD14FF00050FFF7D5FE4FF08040FFF734
:10B50000D1FE4FF00040BDE80840FFF7CBBE00BFC2
:10B5100000800051004402580048025800C000F06A
:10B52000020000010000FF010088900812102000B6
:10B5300063020901470E0508DD0BBF012000002052
:10B54000000001100910E00000010110002000526D
:10B550004FF0B04208B5D2F8883003F00103C2F8CA
:10B56000883023B1044A13680BB150689847BDE88E
:10B570000840FFF79FB800BFD45D00204FF0B042F5
:10B5800008B5D2F8883003F00203C2F8883023B13E
:10B59000044A93680BB1D0689847BDE80840FFF7AC
:10B5A00089B800BFD45D00204FF0B04208B5D2F892
:10B5B000883003F00403C2F8883023B1044A1369C9
:10B5C0000BB150699847BDE80840FFF773B800BF5A
:10B5D000D45D00204FF0B04208B5D2F8883003F0B7
:10B5E0000803C2F8883023B1044A93690BB1D069CB
:10B5F0009847BDE80840FFF75DB800BFD45D002064
:10B600004FF0B04208B5D2F8883003F01003C2F80A
:10B61000883023B1044A136A0BB1506A9847BDE8D9
:10B620000840FFF747B800BFD45D00204FF0B0439B
:10B6300010B5D3F8884004F47872C3F88820A306C4
:10B6400004D5124A936A0BB1D06A9847600604D5B4
:10B650000E4A136B0BB1506B9847210604D50B4A69
:10B66000936B0BB1D06B9847E20504D5074A136C76
:10B670000BB1506C9847A30504D5044A936C0BB1E9
:10B68000D06C9847BDE81040FFF714B8D45D002097
:10B690004FF0B04310B5D3F8884004F47C42C3F8AF
:10B6A0008820620504D5164A136D0BB1506D98477A
:10B6B000230504D5124A936D0BB1D06D9847E00471
:10B6C00004D50F4A136E0BB1506E9847A10404D5F0
:10B6D0000B4A936E0BB1D06E9847620404D5084AAA
:10B6E000136F0BB1506F9847230404D5044A936F2E
:10B6F0000BB1D06F9847BDE81040FEF7DBBF00BF2D
:10B70000D45D002008B50348FCF7C4FCBDE8084040
:10B71000FEF7D0BFC036002008B50348FCF754FD43
:10B72000BDE80840FEF7C6BF1839002008B500F094
:10B73000B5FCBDE80840FEF7BDBF0000062108B516
:10B740000846FCF7C7FD06210720FCF7C3FD0621CC
:10B750000820FCF7BFFD06210920FCF7BBFD0621F0
:10B760000A20FCF7B7FD06211720FCF7B3FD0621E0
:10B770002820FCF7AFFD09217A20FCF7ABFD092159
:10B780003120FCF7A7FD07213220FCF7A3FD0C2197
:10B790005220BDE80840FCF79DBD000008B5FFF74A
:10B7A00091FD00F043FCFDF775F9FDF713F9FDF786
:10B7B0004BFBFDF71DFAFEF7DFF9BDE8084000F08E
:10B7C00029BA000030B50433039C0172002104FB48
:10B7D0000325C160C0E90653049B0363059BC0E9D0
:10B7E0000000C0E90422C0E90842C0E90A1143632D
:10B7F00030BD00000022416AC260C0E90411C0E906
:10B800000A226FF00101FDF72DBF0000D0E90432DC
:10B81000934201D1C2680AB9181D704700207047D1
:10B82000036919600021C2680132C260C269134411
:10B8300082699342036124BF436A0361FDF706BF37
:10B8400038B504460D46E3683BB162690020131D1C
:10B850001268A3621344E36207E0237A33B92946EE
:10B860002046FDF7E3FE0028EDDA38BD6FF0010059
:10B87000FBE70000C368C269013BC360436913442E
:10B8800082699342436124BF436A43610023836218
:10B89000036B03B11847704770B53023044683F338
:10B8A0001188866A3EB9FFF7CBFF054618B186F3CB
:10B8B0001188284670BDA36AE26A13F8015B9342BF
:10B8C000A36202D32046FFF7D5FF002383F311883C
:10B8D000EFE700002DE9F84F04460E46174698465C
:10B8E0004FF0300989F311880025AA46D4F828B012
:10B8F000BBF1000F09D141462046FFF7A1FF20B15F
:10B900008BF311882846BDE8F88FD4E90A12A7EB1B
:10B91000050B521A934528BF9346BBF1400F1BD924
:10B92000334601F1400251F8040B914243F8040BF5
:10B93000F9D1A36A403640354033A362D4E90A23E3
:10B940009A4202D32046FFF795FF8AF31188BD4241
:10B95000D8D289F31188C9E730465A46F6F7DCFE9B
:10B96000A36A5E445D445B44A362E7E710B5029CB2
:10B970000433017203FB0421C460C0E906130023F1
:10B98000C0E90A33039B0363049BC0E90000C0E9DC
:10B990000422C0E90842436310BD0000026A6FF050
:10B9A0000101C260426AC0E904220022C0E90A2201
:10B9B000FDF758BED0E904239A4201D1C26822B9EA
:10B9C000184650F8043B0B60704700231846FAE70E
:10B9D000C3680021C2690133C360436913448269AB
:10B9E0009342436124BF436A4361FDF72FBE0000C9
:10B9F00038B504460D46E3683BB1236900201A1DA3
:10BA0000A262E2691344E36207E0237A33B929466C
:10BA10002046FDF70BFE0028EDDA38BD6FF001007F
:10BA2000FBE7000003691960C268013AC260C2699D
:10BA3000134482699342036124BF436A0361002374
:10BA40008362036B03B118477047000070B5302361
:10BA50000D460446114683F31188866A2EB9FFF716
:10BA6000C7FF10B186F3118870BDA36A1D70A36A69
:10BA7000E26A01339342A36204D3E16920460439A8
:10BA8000FFF7D0FF002080F31188EDE72DE9F84F94
:10BA900004460D46904699464FF0300A8AF31188C5
:10BAA0000026B346A76A4FB949462046FFF7A0FFD4
:10BAB00020B187F311883046BDE8F88FD4E90A0732
:10BAC0003A1AA8EB0607974228BF1746402F1BD902
:10BAD00005F1400355F8042B9D4240F8042BF9D1A1
:10BAE000A36A40364033A362D4E90A239A4204D3BE
:10BAF000E16920460439FFF795FF8BF3118846452D
:10BB0000D9D28AF31188CDE729463A46F6F704FEE2
:10BB1000A36A3D443E443B44A362E5E7D0E90423E5
:10BB20009A4217D1C3689BB1836A8BB1043B9B1ABD
:10BB30000ED01360C368013BC360C3691A448369B4
:10BB40009A42026124BF436A036100238362012396
:10BB5000184670470023FBE701F01F03F0B502F021
:10BB60001F0456095A1C0123B6EB511F50F82650EA
:10BB700003FA02F34FEA511703F1FF333DBF50F8C8
:10BB80002720C4F12000134003EA05003BBF03FA5D
:10BB900000F225FA04F0E0401043F0BD70B57E22BB
:10BBA0007F210546FFF7D8FF18B1012819D00020E2
:10BBB00070BD3E2249212846FFF7CEFF2F220446C2
:10BBC00031212846FFF7C8FF0646013450220236CD
:10BBD00053212846B440FFF7BFFF093804FA00F0AC
:10BBE000E6E7302245212846FFF7B6FF0130800204
:10BBF000DEE7000090F8D63090F8D7201B0403EB66
:10BC0000026390F8D42090F8D500134403EB002091
:10BC10007047000000F018BA014B586A704700BF27
:10BC2000000C0040034B002258631A610222DA60C4
:10BC3000704700BF000C0040014B0022DA607047E3
:10BC4000000C0040014B5863704700BF000C0040DF
:10BC5000024B034A1A60034A5A607047AC5D0020E9
:10BC6000585E002000000220074B494210B55C6876
:10BC7000201A08401968821A8A4203D3A24201D8C6
:10BC80005A6010BD0020FCE7AC5D002008B53023F1
:10BC900083F31188FFF7E8FF002383F3118808BDC1
:10BCA0000448054B03600023C0E901330C3000F069
:10BCB00017B900BFB45D00208DBC0008CB1D083A49
:10BCC00023F00703591A521A10B4D2080024C0E90D
:10BCD000004384600C301C605A605DF8044B00F037
:10BCE000FFB800002DE9F74F364FCD1D88460028DC
:10BCF00018BF0746082A4FEAD50538BF082207F1C2
:10BD00000C003C1D9146019000F02CF9019809F1BE
:10BD10000701C9F1000E2246246864B900F02CF92D
:10BD20003B68CBB308224946E8009847044698B3DD
:10BD300040E9027830E004EB010CD4F804A00CEAEE
:10BD40000E0C0AF10106ACF1080304EBC6069E4294
:10BD5000E1D9A6EB0C0CB5EBEC0F4FEAEC0BDAD803
:10BD60009C421DD204F10802AB45A3EB02024FEA4C
:10BD7000E202626009D9691CED4303EBC1025D4434
:10BD80005560256843F8315022601C46C3F8048092
:10BD900044F8087B00F0F0F8204603B0BDE8F08FCF
:10BDA000AA45216802D111602346EEE7013504EB74
:10BDB000C50344F8351003F10801761AF6105E60E9
:10BDC0001360F1E7B45D002073B50446A0F10805E7
:10BDD00050F8080C54F8043C061D0C300733019051
:10BDE000DB0844F8043C00F0BDF8334601989E425D
:10BDF0001A6801D0AB4228D20AB1954225D244F844
:10BE0000082C54F8042C1D60013254F8081C05EB72
:10BE1000C206B14206D14E68324444F8042C0A6886
:10BE200044F8082C5E68711C03EBC1018D4207D1F8
:10BE300054F8042C013232445A6054F8082C1A6029
:10BE400002B0BDE8704000F097B81346CFE700009D
:10BE5000FEE7000070B51E4B0025044686B0586012
:10BE60000E4605638163FEF7FDFB04F12803A56020
:10BE70006563C4E90A3304F11003C4E904334FF0E5
:10BE8000FF33C4E90044C4E90635FFF7C5FE2B467D
:10BE9000024604F13C012046C4E9082380230D4AF0
:10BEA0006567FDF73DFB7368E0600B4A03620123A1
:10BEB000009280F824306846F26801923269CDE938
:10BEC0000223064BCDE90435FDF75EFB06B070BDDD
:10BED000304000208CD0000884D0000851BE0008FB
:10BEE0000023C0E9000083600361704770B51C4BFC
:10BEF00005468468DE685CB3B44213D1036901333C
:10BF0000036170BDA36094F8243083B1062B15D172
:10BF1000A06A2146D4E9003213605A60FDF76CFA3A
:10BF2000A36A9C68B368A2689A42EBD306E0D4E99E
:10BF30000032204613605A60FDF76EFA28463146FB
:10BF4000FDF75AFAB5620620BDE87040FDF766BA03
:10BF50000369866001330361336BC3603063D0E7EC
:10BF6000883D002008B5302383F31188FFF7BEFF1A
:10BF7000002383F3118808BD194BD96883688B426D
:10BF800010B520D1302383F311880269013A026190
:10BF9000B2B90468C368A0420B631ED04A6B9BB958
:10BFA00001238A60036103681A68026050601A6B9B
:10BFB0008360C26018631846FDF72EFAFDF77EFA1B
:10BFC000002383F3118810BD1C68A34203D0A4682A
:10BFD000A24238BF2246DB68E1E78260F0E700BF9B
:10BFE000883D0020024A536B18435063704700BFDE
:10BFF000883D002038B5EFF311859DB9EFF3058436
:10C00000C4F30804302334B183F31188FDF762FCD4
:10C0100085F3118838BD83F31188FDF75BFC84F349
:10C02000118838BDBDE83840FDF754BC0023054AEF
:10C0300019460133102BC2E9001102F10802F8D1B0
:10C04000704700BFD45D0020114BD3F8E82042F0C8
:10C050000802C3F8E820D3F8102142F00802C3F820
:10C0600010210C4AD3F81031D36B43F00803D3638B
:10C07000C722094B9A624FF0FF32DA6200229A61BE
:10C080005A63DA605A6001225A611A60704700BF31
:10C09000004402580010005C000C0040094A08B53A
:10C0A0001169D3680B40D9B29B076FEA0101116196
:10C0B00007D5302383F31188FDF726FA002383F395
:10C0C000118808BD000C00404D4435002D2D0A009C
:10C0D0002F6172647570696C6F742E6162696E0095
:10C0E0002F6172647570696C6F742D766572696604
:10C0F000792E6162696E002F6172647570696C6F70
:10C10000742D666C6173682E6162696E002F6172B6
:10C11000647570696C6F742D666C61736865642EEC
:10C120006162696E00000000000000000000000075
:10C13000011800089D1800084D1A0008D5180008BD
:10C14000951800080000000000000000FD1700081E
:10C15000A9180008851A0008F91700080518000832
:10C1600053544D333248373F3F3F0053544D3332E1
:10C17000483733782F3732780053544D33324837AD
:10C1800034332F3735332F373530000001105A0044
:10C1900003105900012058000320560041A3E5F286
:10C1A000656992070040A2E4F1646891060000000E
:10C1B000E576000000000000EDD3F55C1A6312582C
:10C1C000D69CF7A2DEF9DE1400000000000000009B
:10C1D0000000000000000010B67859FF8572D300FF
:10C1E000BD6E15FF0F0A6A0029C0010098E879FFAB
:10C1F000BC3CA0FF9971CEFF00B7E2FEB40D48FF32
:10C2000059F1B2FE0AE5A6FF7BDD2AFE1E14D4001A
:10C210005280030030D1F300777940FF32E39CFF76
:10C22000006EC501671B900008C9BCF367E6096A88
:10C230003BA7CA8485AE67BB2BF894FE72F36E3CB5
:10C24000F1361D5F3AF54FA5D182E6AD7F520E5112
:10C250001F6C3E2B8C68059B6BBD41FBABD9831FCC
:10C2600079217E1319CDE05BB0A00EFED3C986FF05
:10C270009E188F007F693500600CBD00A7D7FBFFBB
:10C280009F4C80FE6A65E1FF1EFC0400920CAE002C
:10C29000853B8C01BDF124FFF825C30160DC37002C
:10C2A000B74C3EFFC3423D00324CA401E1A44CFF19
:10C2B0004C3DA3FF753E1F00519140FF76410E009B
:10C2C000A273D6FF068A2E007CE6F4FF0A8A8F004E
:10C2D000341AC200B8F44C00818F2901BEF413FF58
:10C2E0007BAA7AFF6281440079D5930056651EFFD0
:10C2F000A1679B008C5943FFEFE5BE01430BB500DE
:10C30000C6F089FEEE45BCFF4397EE00132A6CFF92
:10C31000E5557101324487FF116A0900326701FF58
:10C320005001A80123981EFF10A8B9013859E8FF51
:10C3300065D2FC0029FA4700CCAA4FFF0E2EEFFF72
:10C34000504DEF00BDD64BFF118DF90026504CFF2C
:10C35000BE55750056E4AA009CD8D001C3CFA4FFF7
:10C3600096424CFFAFE110FF8D5062014CDBF200B2
:10C37000C6A272002EDA98009B2BF1FE9BA068FFEC
:10C3800033BBA5000211AF004254A001F73A1E00D2
:10C39000234135FE45ECBF002D86F501A37BDD0072
:10C3A000206E14FF3417A500BAD64700E9B060002C
:10C3B000F2EF360139598A00530054FF88A0640017
:10C3C0005C8E78FE687CBE00B5B13EFFFA29550050
:10C3D00098822A0160FCF60097973FFEEF853E00A9
:10C3E00020389C002DA7BDFF8E85B3018356D30056
:10C3F000BBB396FEFAAA0EFFD2A34E0025349700D7
:10C40000634D1A00EE9CD5FFD5C0D101492E5400D2
:10C410001441290136CE4F00C98392FEAA6F18FF3E
:10C42000B12132FEAB26CBFF4EF77400D1DD99006F
:10C430008580B2013A2C1900C9273B01BD13FC00CD
:10C4400031E5D20175BB7500B5B3B8010072DB00F0
:10C45000305E9300F52938007D0DCCFEF4AD7700F9
:10C460002CDD20FE54EA1400F9A0C601EC7EEAFFA0
:10C470002F63A8FEAAE299FF66B3D800E28D7AFF87
:10C480007A4299FEB6F58600E3E41901D639EBFF4E
:10C49000D8AD38FFB5E7D20077809DFF815F88FF78
:10C4A0006E7E330002A9B7FF078262FE45B05EFFD1
:10C4B0007404E301D9F291FFCAAD1F01690127FF9E
:10C4C0002EAF4500E42F3AFFD7E045FECF3845FFB9
:10C4D00010FE8BFF17CFD4FFCA147EFF5FD560FF1D
:10C4E00009B02100C805CFFFF12A80FE2321C0FF3B
:10C4F000F8E5C40181117800FB6797FF073470FFEE
:10C500008C3842FF28E2F5FFD94625FEACD609FF5C
:10C510004843860192C0D6FF2C26700044B84BFFDA
:10C52000CE5AFB0095EB8D00B5AA3A0074F4EF00EB
:10C530005C9D020066AD6200E98960017F31CB003D
:10C54000059B9400179409FFD37A0C0022861AFFEA
:10C55000DBCC8800860829FFE0532BFE5519F70035
:10C560006D7F00FEA9883000EE77DBFFE7ADD500D8
:10C57000CE12FEFE08BA07FF7E0907016F2A4800A7
:10C580006F34ECFE603F8D0093BF7FFECD4EC0FF49
:10C590000E6AED01BBDB4C00AFF3BBFE6959AD0089
:10C5A00055195901A2F394000276D1FE219E09008B
:10C5B0008BA32EFF5D4628006C2A8EFE6FFC8EFF3B
:10C5C0009BDF900033E5A7FF49FC9BFF5E740CFFE7
:10C5D00098A0DAFF9CEE25FFB3EACFFFC500B3FFBA
:10C5E0009AA48D00E1C468000A2319FED1D4F2FF99
:10C5F00061FDDEFEB865E500DE127F01A48887FFDD
:10C600001ECF8CFE9261F30081C01AFEC95421FF37
:10C610006F0A4EFF9351B2FF04041800A1EED7FF3A
:10C62000068D210035D70EFF29B5D0FFE78B9D0081
:10C63000B3CBDDFFFFB97100BDE2ACFF7142D6FFA5
:10C64000CA3E2DFF664008FF4EAE10FE857544FFC2
:10C65000000102030405060708090A0B0C0D0E0F62
:10C660000E0A0408090F0D06010C00020B07050352
:10C670000B080C0005020F0D0A0E03060701090442
:10C68000070903010D0C0B0E0206050A04000F0832
:10C690000900050702040A0F0E010B0C0608030D22
:10C6A000020C060A000B0803040D07050F0E010912
:10C6B0000C05010F0E0D040A000706030902080B02
:10C6C0000D0B070E0C01030905000F040806020AF2
:10C6D000060F0E090B0300080C020D0701040A05E2
:10C6E0000A020804070601050F0B090E030C0D00D2
:10C6F000000102030405060708090A0B0C0D0E0FC2
:10C700000E0A0408090F0D06010C00020B070503B1
:10C710001B132C0AA3E59CEDA72963085D210621C4
:10C72000EBFFFFFFFFFFFFFFFFFFFFFFFFFFFFFF2D
:10C730000F000000E14C00088D4B00080D4C000874
:10C74000B54C0008600100002F00000053756363C2
:10C7500065737366756C6C79206D6F756E74656446
:10C76000205344436172642028736C6F77646F7741
:10C770006E3D2575290A0000EB76904558464154D8
:10C7800020202000464154333220202000000000A9
:10C790002A3A3C3E7C223F7F002B2C3B3D5B5D00D8
:10C7A0004355454141414143454545494949414139
:10C7B0004592924F4F4F5555594F554F9C4F9E9F05
:10C7C00041494F55A5A5A6A7A8A9AAABACADAEAF48
:10C7D000B0B1B2B3B4414141B8B9BABBBCBDBEBF40
:10C7E000C0C1C2C3C4C54141C8C9CACBCCCDCECFDC
:10C7F000D1D145454549494949D9DADBDCDD49DF35
:10C800004FE14F4F4F4FE6E8E85555555959EEEF78
:10C81000F0F1F2F3F4F5F6F7F8F9FAFBFCFDFEFFA0
:10C8200001030507090E10121416181C1E00000043
:10C8300061001A03E0001703F8000703FF0001007E
:10C8400078010001300132010601390110014A016D
:10C850002E017901060180014D0043028101820110
:10C8600082018401840186018701870189018A018F
:10C870008B018B018D018E018F019001910191013E
:10C8800093019401F60196019701980198013D02E8
:10C890009B019C019D0120029F01A001A001A2011A
:10C8A000A201A401A401A601A701A701A901AA014F
:10C8B000AB01AC01AC01AE01AF01AF01B101B201FE
:10C8C000B301B301B501B501B701B801B801BA01AF
:10C8D000BB01BC01BC01BE01F701C001C101C20125
:10C8E000C301C401C501C401C701C801C701CA0110
:10C8F000CB01CA01CD011001DD0101008E01DE0175
:10C900001201F3010300F101F401F401F80128011F
:10C91000220212013A020900652C3B023B023D0251
:10C92000662C3F0240024102410246020A015302C4
:10C93000400081018601550289018A0158028F0158
:10C940005A0290015C025D025E025F029301610285
:10C950006202940164026502660267029701960111
:10C960006A02622C6C026D026E029C0170027102FE
:10C970009D01730274029F017602770278027902A8
:10C980007A027B027C02642C7E027F02A601810275
:10C990008202A9018402850286028702AE01440256
:10C9A000B101B20145028D028E028F029002910206
:10C9B000B7017B030300FD03FE03FF03AC03040088
:10C9C0008603880389038A03B1031103C2030200AB
:10C9D000A303A303C4030803CC0303008C038E0347
:10C9E0008F03D8031801F2030A00F903F303F403D9
:10C9F000F503F603F703F703F903FA03FA03300428
:10CA0000200350041007600422018A043601C10487
:10CA10000E01CF040100C004D004440161052604C6
:10CA2000000000007D1D0100632C001E9601A01E69
:10CA30005A01001F0806101F0606201F0806301F97
:10CA40000806401F0606511F0700591F521F5B1F93
:10CA5000541F5D1F561F5F1F601F0806701F0E00CA
:10CA6000BA1FBB1FC81FC91FCA1FCB1FDA1FDB1F7E
:10CA7000F81FF91FEA1FEB1FFA1FFB1F801F080694
:10CA8000901F0806A01F0806B01F0400B81FB91F9A
:10CA9000B21FBC1FCC1F0100C31FD01F0206E01F26
:10CAA0000206E51F0100EC1FF31F0100FC1F4E21D1
:10CAB0000100322170211002842101008321D02441
:10CAC0001A05302C2F04602C0201672C0601752CEE
:10CAD0000201802C6401002D260841FF1A0300008A
:10CAE000C700FC00E900E200E400E000E500E70028
:10CAF000EA00EB00E800EF00EE00EC00C400C50027
:10CB0000C900E600C600F400F600F200FB00F900E0
:10CB1000FF00D600DC00F800A300D800D700920187
:10CB2000E100ED00F300FA00F100D100AA00BA0024
:10CB3000BF00AE00AC00BD00BC00A100AB00BB005C
:10CB400091259225932502252425C100C200C0000D
:10CB5000A9006325512557255D25A200A5001025B4
:10CB6000142534252C251C2500253C25E300C30075
:10CB70005A25542569256625602550256C25A40075
:10CB8000F000D000CA00CB00C8003101CD00CE00BB
:10CB9000CF0018250C2588258425A600CC008025EB
:10CBA000D300DF00D400D200F500D500B500FE00B0
:10CBB000DE00DA00DB00D900FD00DD00AF00B400CC
:10CBC000AD00B1001720BE00B600A700F700B80006
:10CBD000B000A800B700B900B300B200A025A000C3
:10CBE00010000240080002400008024000000B0054
:10CBF00028000240080002400408024006010C0020
:10CC000040000240080002400808024010020D00E7
:10CC100058000240080002400C08024016030E00B3
:10CC2000700002400C0002401008024000040F0097
:10CC3000880002400C000240140802400605100063
:10CC4000A00002400C00024018080240100611002B
:10CC5000B80002400C0002401C08024016072F00DA
:10CC60001004024008040240200802400008380076
:10CC70002804024008040240240802400609390042
:10CC8000400402400804024028080240100A3A000A
:10CC900058040240080402402C080240160B3B00D6
:10CCA000700402400C04024030080240000C3C00BA
:10CCB000880402400C04024034080240060D44007F
:10CCC000A00402400C04024038080240100E450047
:10CCD000B80402400C0402403C080240160F460013
:10CCE00001000000000000000096000000000000AD
:10CCF0000000000000000000000000000000000034
:10CD000000000000719B0008759B00086986000800
:10CD1000A1890008FD850008258600084D860008C9
:10CD2000E585000800000000558A0008418A0008D7
:10CD30007D8A0008698A0008758A0008618A0008EF
:10CD40004D8A0008398A0008898A0008000000001E
:10CD50006D8B0008598B0008958B0008818B0008AB
:10CD60008D8B0008798B0008658B0008518B0008BB
:10CD7000A18B00080000000001000000000000007E
:10CD80006330000080CD00080000000000000000BB
:10CD9000003E0020304000200000802A00000000FB
:10CDA000AAAAAAAA00000024FFFF000000000000B9
:10CDB00000A00A000000000000000000AAAAAAAA21
:10CDC00000000000FFFF0000000000000000000065
:10CDD0000000AA4200000000AAAAAAAA000055402A
:10CDE000FFFF000000000000CCCC0C002001100070
:10CDF00000000000AAAAAAAA10010000FFFB000080
:10CE0000000C000000000000508042000000000004
:10CE1000AAAAAAAA10404100F7FF00000000007073
:10CE2000070000000000000000000000AAAAAAAA53
:10CE300000000000FFFF00000000000000000000F4
:10CE40000000000000000000AAAAAAAA000000003A
:10CE5000FFFF0000000000000000000000000000D4
:10CE600000000000AAAAAAAA00000000FFFF00001C
:10CE700000000000000000000000000000000000B2
:10CE8000AAAAAAAA00000000FFFF000000000000FC
:10CE9000000000000000000000000000AAAAAAAAEA
:10CEA00000000000FFFF0000000000000000000084
:10CEB0000000000000000000AAAAAAAA00000000CA
:10CEC000FFFF0000000000000000000041726475D8
:10CED00050696C6F740025424F415244252D5365B3
:10CEE000637572652D424C2D7631300025534552C5
:10CEF00049414C2500000000020000000000000035
:10CF00008D8D0008FD8D000840004000E058002095
:10CF1000F0580020020000000000000003000000A4
:10CF200000000000458E0008000000001000000016
:10CF30000059002000000000010000000000000077
:10CF40005C5C0020010102006D9C00087D9B0008D4
:10CF5000199C0008FD9B00084300000060CF0008FA
:10CF600009024300020100C032090400000102026C
:10CF7000010005240010010524010001042402021F
:10CF80000524060001070582030800FF09040100CB
:10CF9000020A0000000705010240000007058102A7
:10CFA0004000000012000000ACCF00081201100188
:10CFB0000200004009124157000201020301000073
:10CFC0000403090425424F41524425004C656F4833
:10CFD0003734330030313233343536373839414223
:10CFE000434445460000000000000020000002000D
:10CFF00002000000000000300000040008000000F3
:10D0000000000024000008000400000000040000EC
:10D0100000FC00000200000000000430008000005E
:10D0200008000000000000380000010001000000BE
:10D030001F1C1F1E1F1E1F1F1E1F1E1F1F1D1F1E0A
:10D040001F1E1F1F1E1F1E1F00000000A18F0008B3
:10D05000599200080593000840004000945D0020AC
:10D06000945D002001000000A45D0020800000000D
:10D070004001000008000000000100000010000056
:10D080000800000069646C65000000006D61696E55
:10D09000002C0438040438080C10141C2024252605
:10D0A0000000000000006404010004000000000013
:10D0B000000C001028303400F834FF7F010000001D
:10D0C000E90700000000000000001A000000000056
:10D0D000FF00000038400020183900200000000048
:10D0E00060C10008830400006BC100085004000008
:10D0F00079C1000801000000000000000096000057
:10D100000000080096000000000800000400000075
:10D11000C0CF000800000000000000000000000078
:0CD1200000000000000000000000000003
:00000001FF
